benchmark_seed,checkpoint_type,observations,tasks,observations_mean,curve_rmse_ph_mean,curve_rmse_ph_median,curve_mae_ph_mean,curve_correlation_mean,curve_r2_mean,curve_within_0p25_percent_mean,concentration_relative_error_percent_mean,concentration_relative_error_percent_median,concentration_95_coverage_percent,pair_count_accuracy_percent,true_pair_probability_mean,pka_evaluable_tasks,pka_mae_if_k_correct_mean,pka_rmse_if_k_correct_mean,pka_95_coverage_if_k_correct_percent,control_success_rate_percent,control_final_true_error_mean
101,fixed_observation_count,0,300,0.0,1.4347270804644674,1.1825834975348022,0.5266830908438135,0.9599269972422119,0.8953145889402304,82.37681159420289,68.88600657758403,41.174259817158514,100.0,36.666666666666664,0.3333333333333333,110,1.5801081622953923,1.5801081622953923,100.0,0.0,1.3949411969916505
101,fixed_observation_count,1,300,1.0,1.2584574279442966,1.0060589932408646,0.4805921885540661,0.9679437394075925,0.9201115427452512,80.7432712215321,45.08109523565701,27.193929226076442,94.66666666666667,44.0,0.3633952267080565,132,0.8531725476025342,0.8908255076881999,96.33838383838383,10.666666666666668,1.2894007538455006
101,fixed_observation_count,2,300,2.0,1.2005413890855048,0.9661432162578528,0.4629454184900684,0.9692714633662431,0.9234969458366507,81.33126293995859,44.10687837300147,24.969378321554387,93.0,45.0,0.3829079129123782,135,0.7887402631048236,0.825286515512694,96.79012345679011,22.666666666666664,0.8504731862355489
101,fixed_observation_count,3,300,3.0,1.1991212308055428,0.9639014630866843,0.46595827610435964,0.9687824587455983,0.9221933065622647,81.18840579710144,43.51945473246475,25.43302098103748,90.33333333333333,42.66666666666667,0.38078192768011,128,0.7300876193382296,0.7692029790855154,96.22395833333333,39.0,0.5949368041140013
101,fixed_observation_count,5,300,5.0,1.164612520029261,0.9575183483583689,0.45707957885856504,0.9694878840678424,0.9238903051062618,81.3623188405797,42.978268379689716,24.972013259874426,90.33333333333333,44.666666666666664,0.39333295768533155,134,0.7658139200535719,0.8098424546139079,93.65671641791045,56.666666666666664,0.43610252176389197
101,fixed_observation_count,8,300,8.0,1.1614777673288357,0.9711264082979656,0.4596115063364101,0.9692384161246773,0.9231000266531332,81.2712215320911,42.32449895837844,24.723111818259436,91.0,44.333333333333336,0.39846216275666585,133,0.7456375387669573,0.785067827996978,92.10526315789474,76.33333333333333,0.1923381945791726
101,fixed_observation_count,12,300,12.0,1.1581983331328027,0.9703277812272906,0.4584895711017795,0.9694574156471238,0.9235767373000552,81.31884057971014,42.28753826812859,24.706084949659008,91.0,44.666666666666664,0.39949400038788124,134,0.7597991372913521,0.8017244077960618,91.91542288557213,89.66666666666666,0.06382913224002418
101,natural_control_end,natural_end,300,5.866666666666666,1.1666997409814681,1.0029345458251178,0.46056187846627855,0.969663254603233,0.9243382560461327,81.1511387163561,42.727188885694055,25.091856577559916,91.33333333333333,44.0,0.3986215255921579,132,0.7693703041929456,0.812887943811113,91.16161616161615,98.0,0.06277086723750219
202,fixed_observation_count,0,300,0.0,1.4598420225197677,1.1551106277918022,0.5312283637145344,0.9584288532379215,0.8898712738634432,82.80124223602485,69.16352371075395,39.68335291409871,100.0,45.33333333333333,0.3333333333333333,136,1.6030411802461255,1.6030411802461255,100.0,0.0,1.3138112485436924
202,fixed_observation_count,1,300,1.0,1.2317316963463691,1.0293256150716612,0.4547168886943706,0.9692538393028457,0.9210737540824543,82.31469979296067,51.677978273354775,28.472254455696078,92.0,47.66666666666667,0.375855846293836,143,1.1225535980608092,1.163022554918018,94.98834498834499,10.0,1.3092631849320266
202,fixed_observation_count,2,300,2.0,1.1934762837709543,0.9911959936838545,0.44373373087624324,0.9700297065269222,0.922914245377594,82.62318840579711,46.740885290869784,27.86202807871428,91.0,48.0,0.39155928286096375,144,1.009809065215084,1.0566357986286319,93.75,25.333333333333336,0.9113995185195245
202,fixed_observation_count,3,300,3.0,1.1739720173108144,0.9956762608799131,0.4452242958632487,0.9699785077742688,0.9225472013858803,82.3457556935818,46.45964447636178,30.264159715138682,89.33333333333333,47.66666666666667,0.3937382595023177,143,1.00501407579526,1.0525026721669717,93.93939393939392,42.333333333333336,0.6702565581364263
202,fixed_observation_count,5,300,5.0,1.1456804510987149,0.9797903848097975,0.4389910875445908,0.970396797314426,0.9238019277644631,82.46376811594203,45.481293369163375,30.166840622077167,89.33333333333333,49.333333333333336,0.4046191626593215,148,0.9246239078164353,0.9718753979636229,92.22972972972973,61.0,0.5145061842715988
202,fixed_observation_count,8,300,8.0,1.1549136801177788,0.983905722534866,0.44612455950556956,0.9698127859491763,0.9223698950442867,82.24844720496895,45.15744200900132,30.57246802185822,88.66666666666667,47.66666666666667,0.4048963536024409,143,0.9148728131790759,0.9686773066240325,88.57808857808858,77.33333333333333,0.261891398773518
202,fixed_observation_count,12,300,12.0,1.1491595559742824,0.9836700893561174,0.4429990673571844,0.970157979643314,0.9239130142422076,82.21739130434783,45.26250474212937,30.160439822492815,88.66666666666667,47.66666666666667,0.40464455528193005,143,0.9200184402308798,0.9741723149933464,87.87878787878788,87.66666666666667,0.07679912194641145
202,natural_control_end,natural_end,300,7.04,1.1411663640250211,0.9846802959754066,0.43784775104383783,0.9707659410090177,0.9258876062864961,82.2815734989648,47.128406251227524,31.034453513154933,88.33333333333333,48.0,0.40199444069866397,144,0.9692367301524207,1.0214217208751732,88.54166666666667,93.33333333333333,0.0720426579850339
303,fixed_observation_count,0,300,0.0,1.314677572433369,1.0639819407995215,0.4559597232227164,0.9662209789935997,0.9140593887594889,84.34782608695653,77.6889320171913,45.61987115645168,100.0,44.0,0.3333333333333333,132,1.5176052862531073,1.5176052862531073,100.0,0.0,1.2904540391202386
303,fixed_observation_count,1,300,1.0,1.1473470560862025,0.9701438091429873,0.4119877504220965,0.9737968070843787,0.9367434997846609,83.31884057971014,48.533521687358906,27.317192474363104,91.66666666666666,42.0,0.3695933775776161,126,1.0211260330415977,1.055609633737849,97.88359788359789,11.0,1.374146503128032
303,fixed_observation_count,2,300,2.0,1.0959569578384034,0.9633356144613143,0.4040330042793216,0.9743030271536172,0.9379508100251095,83.46169772256728,45.21295026281928,25.87271777738979,91.0,47.0,0.3844524614916123,141,0.8977552081527601,0.9423136636793646,95.0354609929078,25.333333333333336,0.7814509503657299
303,fixed_observation_count,3,300,3.0,1.0956118835528248,0.918552116677095,0.40707105214398726,0.974003695615523,0.936999649590252,83.30434782608695,45.53016528123144,28.056451794841667,88.66666666666667,44.0,0.38771415039448137,132,0.8481578339371977,0.8899009499979541,93.93939393939394,47.66666666666667,0.6101991758687856
303,fixed_observation_count,5,300,5.0,1.093506627210135,0.9489787323338018,0.4156720900150965,0.973298453384687,0.934895673886283,82.97101449275361,45.66097438277844,28.269511002016728,88.66666666666667,44.666666666666664,0.3981691566536791,134,0.824754579778324,0.8695678326313321,91.29353233830847,63.66666666666667,0.43444128732579146
303,fixed_observation_count,8,300,8.0,1.0855993615250408,0.9280693411078592,0.4141830723388033,0.9735712484199401,0.9357256439220812,82.83436853002071,44.59149796327959,25.417177939211278,89.66666666666666,46.33333333333333,0.41377613418140025,139,0.815376438102453,0.8606411375933007,87.29016786570743,78.66666666666666,0.22347893658056392
303,fixed_observation_count,12,300,12.0,1.0867858814517732,0.8921559340294694,0.4176893634302699,0.9733999627685086,0.9352962316639706,82.70393374741201,44.73276038477606,25.61466946588878,90.0,45.666666666666664,0.41507366470413987,137,0.8004715288864337,0.8463635522966587,86.37469586374696,88.33333333333333,0.08869765944965877
303,natural_control_end,natural_end,300,5.916666666666667,1.0783597719886848,0.8984160272045166,0.41059605023187656,0.973966349214456,0.9370063677604473,82.84057971014494,44.46363253638219,26.05524906555922,90.33333333333333,46.33333333333333,0.4116716234076783,139,0.8178376543700835,0.8639079737187048,86.45083932853717,96.33333333333334,0.0748231094614088
404,fixed_observation_count,0,300,0.0,1.354118732977402,1.1015101298931615,0.47114475737684464,0.9643920874442449,0.9081586321813825,84.19461697722566,74.36589826557862,46.84011597060799,100.0,42.66666666666667,0.3333333333333333,128,1.5497625337941123,1.5497625337941123,100.0,0.0,1.4009220354699907
404,fixed_observation_count,1,300,1.0,1.2032964380952564,0.9414590567277284,0.4461123549402395,0.970040836834216,0.9249595088486525,82.39130434782608,55.63144551815276,32.02471018091111,91.66666666666666,46.0,0.37074435442040854,138,1.0337308140379586,1.0728433913296196,96.01449275362319,10.333333333333334,1.5091444443083963
404,fixed_observation_count,2,300,2.0,1.1607061651531796,0.9505525743272611,0.43407420970134203,0.9710903430327519,0.9278833103235865,82.67908902691511,52.394707101724485,30.296253466364284,90.0,49.666666666666664,0.3934951760673014,149,0.8956260940182069,0.9350968074874617,93.51230425055928,24.0,0.9477305809355369
404,fixed_observation_count,3,300,3.0,1.1642215407361072,0.9913564199514626,0.43782878409270115,0.9709499095998768,0.9278826623020415,82.56935817805383,52.35386984549283,30.351938486750818,88.33333333333333,46.666666666666664,0.40208879793182933,140,0.8747058601620052,0.9182894408438786,93.33333333333334,37.0,0.6962556175993209
404,fixed_observation_count,5,300,5.0,1.1116951733662976,0.9336644127518251,0.4200278343687776,0.9722532613757516,0.9313158006117389,83.02070393374741,53.055080113327655,30.904941670403055,87.33333333333333,47.0,0.40796117431363094,141,0.8420477751988902,0.8839353204394179,90.89834515366432,57.666666666666664,0.613432637343513
404,fixed_observation_count,8,300,8.0,1.103882903580313,0.9258058051438487,0.4175262624348202,0.9723304807573411,0.931553683193978,83.1159420289855,53.678116604166824,31.90179500551813,87.0,46.0,0.41122706265232284,138,0.8225867140357872,0.8635604765951329,89.4927536231884,76.0,0.2953218957945808
404,fixed_observation_count,12,300,12.0,1.1083256504598344,0.8817083273487918,0.42119495051776223,0.9720162321445097,0.9305784023446885,83.16356107660455,52.25756058694002,31.336779635692796,88.66666666666667,48.333333333333336,0.4128987516406706,145,0.8649138096817015,0.9091461825556268,87.35632183908045,85.0,0.11569479221458796
404,natural_control_end,natural_end,300,6.83,1.0932168881636513,0.9305124793935388,0.4122777329748533,0.9731693221380827,0.9340015268993752,83.29813664596273,52.25668927466388,30.87392742726427,89.0,49.0,0.411423261883922,147,0.8650113547542679,0.9123338387416731,87.30158730158732,94.33333333333334,0.07139456796280615
555,fixed_observation_count,0,300,0.0,1.3837933596275083,1.155099506787999,0.4843706261508523,0.9627981895863854,0.9012171649711824,84.12836438923395,71.27728725898052,41.073010101988686,100.0,43.0,0.3333333333333333,129,1.5586876087909296,1.5586876087909296,100.0,0.0,1.2247080001473443
555,fixed_observation_count,1,300,1.0,1.261211414369298,1.002500785676591,0.46367931859699846,0.968788121772051,0.919519354609516,82.0703933747412,52.33214422865894,35.137322540267306,92.66666666666666,41.0,0.3701442035726116,123,1.0114842392433154,1.0621622541592957,97.15447154471545,11.333333333333332,1.3014452296843952
555,fixed_observation_count,2,300,2.0,1.2358320089009611,1.0603783680727212,0.46729107636550915,0.9683817681408207,0.9181807544923818,81.96066252587991,50.38632865068986,33.94291705005705,93.33333333333333,44.333333333333336,0.38947659029184883,133,0.8972288962504684,0.9466815468600358,96.36591478696744,27.0,0.7904982352384009
555,fixed_observation_count,3,300,3.0,1.2113243446664939,0.9886455235985534,0.45988564816671423,0.968748798378939,0.919006540175842,82.38302277432712,49.56214711421642,33.470366571595704,92.33333333333333,43.333333333333336,0.39822396997086507,130,0.8549348617456116,0.9060080293738173,95.76923076923077,47.0,0.5936983211398437
555,fixed_observation_count,5,300,5.0,1.1929668342240138,1.0237584312782129,0.45508539387281777,0.9692000511285337,0.9214510804290499,82.50103519668737,49.53665965275529,34.534847628379154,90.66666666666666,42.333333333333336,0.3964714674178609,127,0.8365136237213538,0.8843264265788406,93.96325459317585,63.0,0.47995720336794706
555,fixed_observation_count,8,300,8.0,1.1920605110077942,1.0462386015905172,0.45489264793718387,0.9694058184501754,0.9227749874406751,82.37267080745342,49.84107772739664,33.45752406262805,91.33333333333333,43.333333333333336,0.4073000845439978,130,0.8255712239500363,0.8821488743284865,91.7948717948718,80.33333333333333,0.1851855352619341
555,fixed_observation_count,12,300,12.0,1.1915443319309107,1.0636298262120296,0.4550101472032061,0.9694471943562022,0.9229075996072648,82.33333333333333,49.696790887698334,33.34086654863047,91.33333333333333,43.0,0.4084944983444896,129,0.8137351006883845,0.8701673262260224,90.95607235142118,91.0,0.08589522480308139
555,natural_control_end,natural_end,300,5.963333333333333,1.2053790655637344,1.064343142953899,0.4608766182728912,0.9689332084184294,0.9215026994888634,82.19047619047619,50.05940161296106,33.38030367455218,91.33333333333333,43.0,0.40765746831954947,129,0.8253593307384273,0.881732981735169,91.343669250646,97.0,0.06042104366485206
