regime,benchmark_seed,method,tasks,success_rate_percent,strict_success_rate_percent,severe_failure_rate_percent,false_stop_rate_percent,steps_mean,successful_steps_mean,crossings_mean,total_volume_mean_ml,final_abs_error_mean,controller_time_ms_per_step_mean
nominal,101,new_pf,1000,95.89999999999999,44.2,1.0,0.6,6.332,4.768508863399374,3.271,7.883060000000001,0.06782290775443078,60.7670883120458
nominal,101,new_ppo,1000,93.10000000000001,43.0,3.2,1.5,7.787,5.578947368421052,3.016,8.5177,0.10870834879985171,0.14492482468833195
nominal,202,new_pf,1000,95.19999999999999,44.0,1.2,1.6,6.357,4.942226890756302,3.258,7.906320000000001,0.06666079478641374,59.84375759147293
nominal,202,new_ppo,1000,93.10000000000001,40.400000000000006,2.9000000000000004,1.0999999999999999,8.083,5.591836734693878,3.403,8.4488,0.10571439869394379,0.14182544655861817
nominal,303,new_pf,1000,95.6,43.9,1.2,1.5,6.12,4.785564853556485,3.009,7.928400000000001,0.07390343774153713,57.22074333776362
nominal,303,new_ppo,1000,92.9,41.199999999999996,2.8000000000000003,1.4000000000000001,8.344,5.86221743810549,3.44,8.897059999999998,0.11544549637933486,0.13722220570148375
nominal,404,new_pf,1000,95.19999999999999,39.5,1.7999999999999998,2.0,6.049,4.834033613445378,2.986,7.607090000000001,0.07679337380723536,59.811295439472715
nominal,404,new_ppo,1000,93.10000000000001,42.8,3.2,1.7999999999999998,7.975,5.728249194414608,3.091,8.29764,0.10584245831986909,0.1404754234817489
nominal,555,new_pf,1000,95.7,44.3,1.2,1.0999999999999999,6.195,4.725182863113898,3.132,7.6737600000000015,0.07092901673499276,58.9922140732975
nominal,555,new_ppo,1000,93.8,42.6,2.9000000000000004,1.5,7.583,5.55863539445629,3.129,8.25933,0.10310298461508334,0.14150890494455784
close_pka,101,new_pf,1000,92.60000000000001,38.4,2.5,2.1,7.921,5.481641468682505,4.109,8.5439,0.09878488422924024,58.4868437608945
close_pka,101,new_ppo,1000,90.3,39.900000000000006,4.7,1.7000000000000002,9.814,6.250276854928018,4.083,9.25259,0.15150214616766106,0.13735506139772188
close_pka,202,new_pf,1000,93.4,41.3,2.3,1.6,7.68,5.400428265524625,3.962,8.427930000000002,0.08541985760485525,58.63872213383751
close_pka,202,new_ppo,1000,90.4,40.2,3.5000000000000004,1.7999999999999998,9.659,6.295353982300885,3.768,9.36344,0.11977391630911169,0.14092684695249325
close_pka,303,new_pf,1000,93.10000000000001,39.1,2.5,1.2,8.315,5.775510204081633,4.512,8.744100000000001,0.0964650147177326,58.23505562149483
close_pka,303,new_ppo,1000,90.60000000000001,39.800000000000004,4.3999999999999995,1.0999999999999999,10.065,6.5739514348785875,4.587,10.19198,0.14384424070253424,0.13858404054410317
close_pka,404,new_pf,1000,93.8,40.400000000000006,1.7000000000000002,1.7999999999999998,7.532,5.5341151385927505,3.775,8.4152,0.08673280512544385,61.61616267847079
close_pka,404,new_ppo,1000,91.4,41.699999999999996,3.4000000000000004,1.6,9.29,6.338074398249453,3.837,9.336549999999999,0.12119922061186884,0.1455409525396845
close_pka,555,new_pf,1000,93.30000000000001,39.300000000000004,2.6,1.6,8.048,5.784565916398714,4.075,8.925730000000001,0.09453479401104022,65.47660514040298
close_pka,555,new_ppo,1000,89.9,39.1,4.3999999999999995,2.1999999999999997,10.387,6.99888765294772,3.977,10.00707,0.15672637172191414,0.15192532874075268
wide_concentration,101,new_pf,1000,94.3,43.4,1.7000000000000002,1.5,7.037,5.173913043478261,3.875,8.293430000000003,0.0822976394201737,69.09740117235711
wide_concentration,101,new_ppo,1000,91.3,42.3,3.5999999999999996,1.7999999999999998,9.07,6.168674698795181,3.952,8.86378,0.12473619405473968,0.15629725108917664
wide_concentration,202,new_pf,1000,93.8,41.3,1.9,1.7000000000000002,7.28,5.251599147121535,4.053,8.25918,0.08489874995578722,64.31527854237704
wide_concentration,202,new_ppo,1000,91.0,40.1,3.5999999999999996,1.5,9.347,6.031868131868132,4.25,9.031400000000001,0.1134567937883112,0.14608600478384834
wide_concentration,303,new_pf,1000,94.69999999999999,43.6,1.3,1.9,6.844,5.3769799366420274,3.505,8.247729999999999,0.06998387741138377,63.99100020022027
wide_concentration,303,new_ppo,1000,92.0,43.0,3.2,1.7999999999999998,8.885,6.223913043478261,3.816,9.053859999999998,0.11864434287371148,0.1434282342198461
wide_concentration,404,new_pf,1000,95.1,41.6,1.7000000000000002,1.0999999999999999,6.984,5.2481598317560465,3.707,8.036410000000002,0.08031620786013394,64.72625684959007
wide_concentration,404,new_ppo,1000,91.7,40.699999999999996,4.0,1.9,8.887,6.2082878953107965,3.848,8.840789999999997,0.12697567756729622,0.145692147269647
wide_concentration,555,new_pf,1000,94.89999999999999,43.5,1.9,1.0999999999999999,7.063,5.2950474183350895,3.788,8.14103,0.07951506005492263,65.16557489305389
wide_concentration,555,new_ppo,1000,92.80000000000001,41.0,3.5000000000000004,1.2,8.642,6.024784482758621,3.909,8.81849,0.12352541195494285,0.14589762896189468
observation_noise_0p01,101,new_pf,1000,93.5,45.5,1.0,3.2,6.281,4.74331550802139,3.24,7.873170000000001,0.06491909493997838,64.01347370074596
observation_noise_0p01,101,new_ppo,1000,89.60000000000001,43.6,2.9000000000000004,5.5,7.662,5.433035714285714,2.967,8.505840000000001,0.10479981693412876,0.1485441222662872
observation_noise_0p01,202,new_pf,1000,91.5,43.6,1.2,5.5,6.315,4.85136612021858,3.15,7.903220000000001,0.0674432463273503,62.12317074684383
observation_noise_0p01,202,new_ppo,1000,89.2,40.8,2.7,5.5,7.95,5.492152466367713,3.315,8.41925,0.10729337943928809,0.1437612780727431
observation_noise_0p01,303,new_pf,1000,92.9,43.6,1.3,3.8,6.244,4.749192680301399,2.991,7.939450000000002,0.07477456338703212,60.245209789623075
observation_noise_0p01,303,new_ppo,1000,91.0,42.5,2.5,5.0,7.769,5.756043956043956,2.999,8.77668,0.10964356584593218,0.14220649885660092
observation_noise_0p01,404,new_pf,1000,92.2,41.8,1.6,4.7,6.111,4.698481561822126,2.946,7.597880000000001,0.07947298326172177,60.457654978681106
observation_noise_0p01,404,new_ppo,1000,89.4,43.4,3.4000000000000004,5.5,7.949,5.569351230425056,3.051,8.30561,0.10904998478785581,0.1434457821087383
observation_noise_0p01,555,new_pf,1000,92.4,43.3,1.0,5.0,6.104,4.720779220779221,2.955,7.6871800000000015,0.06663704967497393,61.55135057501144
observation_noise_0p01,555,new_ppo,1000,91.0,43.4,3.0,4.8,7.333,5.393406593406594,2.876,8.23575,0.10067990474671626,0.1461072361368042
observation_noise_0p03,101,new_pf,1000,83.2,45.4,1.0,12.6,6.967,4.600961538461538,3.026,7.846890000000001,0.07130448774109584,62.95266939844028
observation_noise_0p03,101,new_ppo,1000,83.1,45.7,2.8000000000000003,12.6,7.533,5.42719614921781,2.906,8.580470000000002,0.10753449323352135,0.1493212122677935
observation_noise_0p03,202,new_pf,1000,80.5,44.9,1.2,15.299999999999999,6.919,4.756521739130434,3.038,7.858500000000001,0.07422132730568837,64.73501671200151
observation_noise_0p03,202,new_ppo,1000,81.0,44.800000000000004,2.9000000000000004,14.6,7.57,5.258024691358025,3.004,8.49715,0.10778548970448207,0.14966174897708998
observation_noise_0p03,303,new_pf,1000,82.0,46.5,1.0999999999999999,13.900000000000002,6.94,4.753658536585366,2.823,7.914820000000001,0.07742713667754504,66.75346667187495
observation_noise_0p03,303,new_ppo,1000,85.0,46.1,2.5,11.4,7.555,5.449411764705882,2.851,8.76155,0.11079892188400312,0.15845218353698706
observation_noise_0p03,404,new_pf,1000,81.5,45.6,1.5,13.900000000000002,7.154,4.6220858895705526,2.93,7.608390000000001,0.0815951728652017,64.09090578669601
observation_noise_0p03,404,new_ppo,1000,81.5,44.2,3.1,14.2,7.595,5.419631901840491,2.817,8.220540000000002,0.11187592948616973,0.1516809137050829
observation_noise_0p03,555,new_pf,1000,82.19999999999999,45.800000000000004,0.8999999999999999,14.099999999999998,6.866,4.611922141119221,2.726,7.6382,0.0721438707922961,68.29624505545662
observation_noise_0p03,555,new_ppo,1000,83.5,43.3,3.1,12.5,7.115,5.279041916167665,2.815,8.21722,0.11131647590615398,0.16487833171813798
observation_noise_0p05,101,new_pf,1000,76.1,44.0,1.4000000000000001,18.5,7.726,4.624178712220762,2.916,7.832820000000001,0.0854235219656628,63.28737689587253
observation_noise_0p05,101,new_ppo,1000,75.7,42.8,2.8000000000000003,20.1,7.457,5.342140026420079,2.92,8.66668,0.11808500918468491,0.15342662462156048
observation_noise_0p05,202,new_pf,1000,75.3,42.699999999999996,1.3,19.400000000000002,7.762,4.950863213811421,3.02,7.863290000000001,0.08545294490012349,67.9470787344377
observation_noise_0p05,202,new_ppo,1000,76.0,44.3,2.9000000000000004,19.8,7.462,5.352631578947369,2.923,8.45941,0.1133083829224345,0.1581130277698987
observation_noise_0p05,303,new_pf,1000,75.5,44.0,1.3,19.2,7.543,4.683443708609271,2.709,7.872720000000001,0.0886617730485632,66.39464359615764
observation_noise_0p05,303,new_ppo,1000,79.0,46.0,2.4,18.0,7.194,5.430379746835443,2.766,8.75327,0.118820288095824,0.16060417408401492
observation_noise_0p05,404,new_pf,1000,74.9,43.8,1.9,19.6,7.733,4.664886515353805,2.859,7.548770000000001,0.09628300779705762,64.0156456201448
observation_noise_0p05,404,new_ppo,1000,75.4,43.5,3.1,20.5,7.643,5.539787798408488,2.885,8.371469999999999,0.11433287632273069,0.15654368700262722
observation_noise_0p05,555,new_pf,1000,72.89999999999999,43.6,1.4000000000000001,21.3,7.932,4.591220850480109,2.706,7.569960000000001,0.0883330374531711,60.80953219807442
observation_noise_0p05,555,new_ppo,1000,78.10000000000001,43.1,2.7,18.6,7.047,5.297055057618438,2.777,8.21929,0.11377427391510822,0.14920928852273413
observation_noise_0p10,101,new_pf,1000,57.599999999999994,31.6,3.0,35.9,8.809,5.057291666666667,2.746,7.74717,0.13084050875804912,60.38242019209906
observation_noise_0p10,101,new_ppo,1000,61.6,34.2,2.9000000000000004,35.199999999999996,7.221,5.613636363636363,2.815,8.81583,0.1433671983287818,0.14544479350716688
observation_noise_0p10,202,new_pf,1000,58.199999999999996,30.599999999999998,2.4,36.199999999999996,8.713,5.237113402061856,2.778,7.80949,0.12165622485578408,60.78229833042618
observation_noise_0p10,202,new_ppo,1000,64.60000000000001,35.9,2.3,32.0,7.332,5.704334365325077,2.842,8.52231,0.12825543548237847,0.14418869800388193
observation_noise_0p10,303,new_pf,1000,58.599999999999994,32.0,2.8000000000000003,35.3,8.408,5.052901023890785,2.599,7.814960000000001,0.12708195884031903,60.479755951043366
observation_noise_0p10,303,new_ppo,1000,63.7,36.8,2.6,33.2,7.479,5.781789638932496,2.874,9.109720000000001,0.1290413083976019,0.14508376783149923
observation_noise_0p10,404,new_pf,1000,58.5,31.0,3.3000000000000003,34.699999999999996,8.784,4.98974358974359,2.806,7.467740000000001,0.13266427776700224,59.93341410167846
observation_noise_0p10,404,new_ppo,1000,62.7,35.3,3.0,33.6,7.557,5.913875598086125,3.0,8.60861,0.1316410691509962,0.14406884748406515
observation_noise_0p10,555,new_pf,1000,56.3,31.900000000000002,3.1,37.3,8.641,5.0266429840142095,2.601,7.456360000000001,0.1275797423386094,59.16950533105037
observation_noise_0p10,555,new_ppo,1000,62.4,34.1,2.4,34.699999999999996,6.99,5.660256410256411,2.757,8.45706,0.13163556636675375,0.14557984890910652
episode_bias_0p10,101,new_pf,1000,59.099999999999994,33.300000000000004,1.0999999999999999,37.7,6.318,5.04906937394247,3.261,7.886460000000001,0.10896157757916299,60.82123079041204
episode_bias_0p10,101,new_ppo,1000,59.5,32.2,2.8000000000000003,35.699999999999996,7.938,6.020168067226891,2.995,8.5205,0.14372885451122955,0.14705803403522336
episode_bias_0p10,202,new_pf,1000,59.599999999999994,33.1,1.5,37.3,6.563,5.409395973154362,3.467,7.894120000000001,0.11095510196840924,62.12219542309775
episode_bias_0p10,202,new_ppo,1000,57.9,32.2,3.0,36.7,8.17,5.839378238341969,3.388,8.48707,0.14637504331147885,0.14779032589567043
episode_bias_0p10,303,new_pf,1000,60.0,33.6,1.5,37.5,6.139,5.101666666666667,2.95,7.9362400000000015,0.10940767756059003,63.70123351713622
episode_bias_0p10,303,new_ppo,1000,57.49999999999999,31.7,2.4,37.9,8.039,5.989565217391305,3.197,8.813,0.13961676770692016,0.15291058882081604
episode_bias_0p10,404,new_pf,1000,60.8,31.7,2.0,36.1,6.418,5.328947368421052,3.348,7.609730000000002,0.12127490487162004,67.66920117253197
episode_bias_0p10,404,new_ppo,1000,57.9,29.9,3.1,36.6,8.267,6.1450777202072535,3.434,8.24385,0.1485512639270056,0.16080164626298607
episode_bias_0p10,555,new_pf,1000,60.3,32.300000000000004,0.8999999999999999,37.1,5.956,4.807628524046435,2.956,7.651110000000002,0.10554515781901645,66.90399810044657
episode_bias_0p10,555,new_ppo,1000,60.5,34.2,3.0,34.599999999999994,7.792,5.692561983471075,3.116,8.310289999999998,0.14012747872717177,0.1596528939667599
random_walk_drift_0p01,101,new_pf,1000,87.5,44.0,1.0,9.6,6.261,4.606857142857143,3.163,7.874970000000001,0.07099035012859474,67.63606871287952
random_walk_drift_0p01,101,new_ppo,1000,85.8,45.1,3.0,9.8,7.633,5.477855477855478,2.968,8.541259999999998,0.10798304096171986,0.16309472287670765
random_walk_drift_0p01,202,new_pf,1000,87.1,43.4,1.0999999999999999,10.299999999999999,6.149,4.817451205510907,3.08,7.917640000000001,0.06860601272813235,170.45567143490325
random_walk_drift_0p01,202,new_ppo,1000,83.89999999999999,42.0,2.6,11.5,7.68,5.177592371871276,3.112,8.39292,0.10125460621349493,0.42936805709605713
random_walk_drift_0p01,303,new_pf,1000,88.4,45.800000000000004,1.2,9.3,6.116,4.744343891402715,2.875,7.943090000000001,0.07477130473791846,106.1287066701625
random_walk_drift_0p01,303,new_ppo,1000,84.89999999999999,44.0,2.4,11.5,7.676,5.501766784452297,2.939,8.75858,0.11092083414701691,0.27512820227404766
random_walk_drift_0p01,404,new_pf,1000,87.2,41.099999999999994,1.6,10.2,6.019,4.705275229357798,2.939,7.613220000000001,0.07614897655444369,162.40886634139915
random_walk_drift_0p01,404,new_ppo,1000,86.7,45.4,2.7,9.1,7.822,5.773933102652826,2.925,8.18188,0.09994346384484563,0.4030248580969977
random_walk_drift_0p01,555,new_pf,1000,88.7,43.4,0.8999999999999999,8.6,6.019,4.693348365276212,2.941,7.6937700000000016,0.0691592120934922,176.16301880033288
random_walk_drift_0p01,555,new_ppo,1000,86.5,44.3,2.8000000000000003,9.8,7.262,5.277456647398844,2.932,8.14743,0.09953109959208947,0.449330826351472
response_fraction_0p60,101,new_pf,1000,35.6,17.5,26.700000000000003,32.0,21.224,10.342696629213483,1.114,8.101799999999995,0.6754398405840955,130.29104993598293
response_fraction_0p60,101,new_ppo,1000,42.6,24.4,18.2,54.0,9.225,8.708920187793428,2.431,10.742,0.3159722906056042,0.3766816644182983
response_fraction_0p60,202,new_pf,1000,33.7,17.4,28.999999999999996,31.8,22.146,10.543026706231455,1.113,8.131119999999996,0.7092066027378929,104.8691758823886
response_fraction_0p60,202,new_ppo,1000,43.1,23.7,20.200000000000003,52.800000000000004,9.142,8.116009280742459,2.434,10.87515,0.36627448381441674,0.3172475773874242
response_fraction_0p60,303,new_pf,1000,37.2,18.3,26.8,30.2,21.224,9.911290322580646,1.079,8.212569999999996,0.6613894929310383,150.49921138557306
response_fraction_0p60,303,new_ppo,1000,42.5,23.799999999999997,18.5,53.2,9.456,8.607058823529412,2.46,11.09858,0.3473985465505831,0.44263450955306394
response_fraction_0p60,404,new_pf,1000,37.6,16.8,26.6,30.7,20.995,10.311170212765957,1.065,7.851739999999996,0.6597203130865493,112.72337281122876
response_fraction_0p60,404,new_ppo,1000,42.4,24.0,19.2,53.300000000000004,9.108,7.90566037735849,2.474,10.60028,0.36088241965560813,0.32644255364956726
response_fraction_0p60,555,new_pf,1000,35.4,18.7,24.0,34.1,20.552,10.892655367231638,1.082,7.937949999999996,0.6416805057622476,110.17666240475248
response_fraction_0p60,555,new_ppo,1000,42.199999999999996,22.3,16.900000000000002,53.6,9.381,8.341232227488153,2.61,10.897669999999998,0.32648712371488947,0.3377606079839166
response_fraction_0p70,101,new_pf,1000,57.699999999999996,27.3,8.6,35.099999999999994,12.959,10.94627383015598,1.465,8.180539999999999,0.17673610555470445,116.82692213668489
response_fraction_0p70,101,new_ppo,1000,52.300000000000004,28.7,14.2,42.6,8.824,7.307839388145315,2.673,10.568389999999999,0.29454428166135216,0.35920276684766406
response_fraction_0p70,202,new_pf,1000,59.8,26.8,9.8,31.2,14.305,11.91304347826087,1.474,8.226339999999999,0.18335529934795278,115.57204180230913
response_fraction_0p70,202,new_ppo,1000,51.0,27.700000000000003,14.799999999999999,43.6,9.038,7.186274509803922,2.662,10.66041,0.3064746798490697,0.34975097017238854
response_fraction_0p70,303,new_pf,1000,60.8,30.3,9.9,31.2,13.399,11.574013157894736,1.423,8.21589,0.19256720929002255,114.68484131489583
response_fraction_0p70,303,new_ppo,1000,54.400000000000006,30.7,13.4,40.300000000000004,9.137,7.185661764705882,2.621,10.87729,0.3038432339385224,0.34280557468234985
response_fraction_0p70,404,new_pf,1000,61.5,28.1,7.5,29.799999999999997,13.927,11.49430894308943,1.439,7.91651,0.17930103628653057,112.6387723358879
response_fraction_0p70,404,new_ppo,1000,51.4,27.0,14.6,43.0,9.208,7.583657587548638,2.687,10.374109999999998,0.2986286650003995,0.36540743608456117
response_fraction_0p70,555,new_pf,1000,58.8,28.000000000000004,7.3,34.0,12.86,11.608843537414966,1.409,8.00667,0.18187376682574388,115.37655448762726
response_fraction_0p70,555,new_ppo,1000,51.6,26.5,12.7,42.4,9.076,7.515503875968992,2.777,10.527470000000001,0.2783444975559295,0.3405499711448164
actuator_log_sd_0p10,101,new_pf,1000,97.89999999999999,44.9,0.7000000000000001,0.8999999999999999,5.818,5.2727272727272725,2.696,7.957239784938425,0.06248676442210219,134.98714939749146
actuator_log_sd_0p10,101,new_ppo,1000,95.5,46.6,1.4000000000000001,1.7000000000000002,7.316,6.170680628272251,2.571,8.5398716336926,0.08265307515778614,0.3388366005005281
actuator_log_sd_0p10,202,new_pf,1000,97.8,43.2,0.4,1.2,5.892,5.58282208588957,2.824,8.032832026920481,0.06223580804059004,137.145005347981
actuator_log_sd_0p10,202,new_ppo,1000,94.8,42.699999999999996,2.1,1.6,7.575,6.25,2.767,8.741040862093833,0.09686848798947213,0.3469109671579681
actuator_log_sd_0p10,303,new_pf,1000,97.1,40.9,0.3,1.7999999999999998,5.684,5.2584963954685895,2.512,8.001602291509332,0.05845806952601825,134.0667720527981
actuator_log_sd_0p10,303,new_ppo,1000,95.1,42.4,2.1,1.0,7.541,6.087276550998949,2.674,8.736759519923293,0.09316079760367367,0.3512494991528953
actuator_log_sd_0p10,404,new_pf,1000,97.2,41.4,0.8999999999999999,1.3,5.882,5.208847736625515,2.755,7.700066810186318,0.06766714250942987,136.81089054144536
actuator_log_sd_0p10,404,new_ppo,1000,94.5,40.0,2.6,1.5,7.813,6.152380952380953,2.921,8.439774573423966,0.11238326387775598,0.3521107971488072
actuator_log_sd_0p10,555,new_pf,1000,97.8,42.4,0.6,1.2,5.642,5.2413087934560325,2.537,7.746785530884349,0.05987205153590815,136.4300535273219
actuator_log_sd_0p10,555,new_ppo,1000,95.7,43.0,2.1,1.0999999999999999,7.098,5.804597701149425,2.622,8.235892332485072,0.0908259410016237,0.3601331547042017
titrant_scale_0p90,101,new_pf,1000,95.5,41.5,0.8,1.9,6.179,5.040837696335078,2.81,8.192750000000002,0.06966705713260092,128.49980338285783
titrant_scale_0p90,101,new_ppo,1000,93.0,44.4,2.3,2.0,8.092,5.88494623655914,2.984,8.79186,0.10032762773785066,0.3374246806700518
titrant_scale_0p90,202,new_pf,1000,95.1,39.0,0.8,1.5,6.662,5.170347003154574,3.26,8.22389,0.06898073437542664,129.97185915898672
titrant_scale_0p90,202,new_ppo,1000,92.2,39.800000000000004,2.1999999999999997,1.9,8.283,5.7321041214750545,3.324,8.732230000000001,0.09223211567063844,0.3421605803630765
titrant_scale_0p90,303,new_pf,1000,94.89999999999999,38.9,1.0,2.6,6.271,5.145416227608008,2.716,8.28354,0.07603190582096614,130.38313062751627
titrant_scale_0p90,303,new_ppo,1000,94.19999999999999,42.9,1.7999999999999998,1.0999999999999999,8.248,6.1847133757961785,2.97,8.93944,0.09702303556575796,0.3468000809070337
titrant_scale_0p90,404,new_pf,1000,95.19999999999999,40.5,1.0999999999999999,1.4000000000000001,6.51,5.024159663865547,3.092,7.901370000000001,0.07913340587749766,127.72800000991664
titrant_scale_0p90,404,new_ppo,1000,91.9,41.6,3.2,1.9,8.207,5.661588683351469,3.064,8.643510000000001,0.1181839927867986,0.3342519768149625
titrant_scale_0p90,555,new_pf,1000,94.69999999999999,37.9,1.5,2.1999999999999997,6.365,4.9873284054910245,2.952,8.014620000000003,0.07832606816928052,124.45499309799247
titrant_scale_0p90,555,new_ppo,1000,92.4,41.8,3.4000000000000004,1.7000000000000002,8.035,5.529220779220779,3.197,8.60636,0.11439696526950778,0.32425271740509143
titrant_scale_1p10,101,new_pf,1000,95.1,45.800000000000004,1.7000000000000002,1.5,6.249,4.787592008412198,3.348,7.698480000000002,0.0735719602511536,128.52575222601104
titrant_scale_1p10,101,new_ppo,1000,92.60000000000001,43.5,3.1,1.9,7.802,5.563714902807775,3.266,8.40061,0.12188901899827029,0.3422220191669366
titrant_scale_1p10,202,new_pf,1000,95.89999999999999,41.3,1.0999999999999999,1.3,6.102,4.8258602711157454,3.248,7.661240000000001,0.07334345958551011,126.79511544206433
titrant_scale_1p10,202,new_ppo,1000,93.30000000000001,45.5,2.8000000000000003,1.0,7.963,5.445873526259378,3.463,8.28175,0.11085157951660166,0.3298433211431643
titrant_scale_1p10,303,new_pf,1000,95.3,46.800000000000004,1.2,1.3,6.243,4.68520461699895,3.354,7.695280000000001,0.06872424612935514,128.75425080586552
titrant_scale_1p10,303,new_ppo,1000,92.30000000000001,46.6,3.0,1.9,8.208,5.651137594799566,3.552,8.44985,0.11191243630255472,0.3347883013797845
titrant_scale_1p10,404,new_pf,1000,94.8,43.5,1.2,1.2,6.482,4.6613924050632916,3.6,7.417750000000001,0.07591750970101582,127.07212183438342
titrant_scale_1p10,404,new_ppo,1000,91.10000000000001,43.2,3.5000000000000004,2.0,8.531,5.437980241492865,3.937,8.24761,0.11586745249972427,0.3304765600449807
titrant_scale_1p10,555,new_pf,1000,94.8,41.8,1.3,1.5,6.36,4.722573839662447,3.469,7.518950000000002,0.07101926860580542,123.95906991524224
titrant_scale_1p10,555,new_ppo,1000,92.5,43.1,3.2,1.4000000000000001,7.755,5.128648648648649,3.459,8.03223,0.10922707926371811,0.31931665583655183
combined_unseen,101,new_pf,1000,38.3,19.0,21.0,35.099999999999994,18.091,6.253263707571802,1.129,8.3130498378839,0.5241753386128327,109.93025124077275
combined_unseen,101,new_ppo,1000,48.3,26.700000000000003,12.2,47.699999999999996,8.545,7.262939958592132,2.434,10.942374098675916,0.27451713989378596,0.32976544404035335
combined_unseen,202,new_pf,1000,34.699999999999996,18.8,21.4,38.6,18.726,6.619596541786744,1.162,8.371208622829373,0.5874280409621804,109.68524629022518
combined_unseen,202,new_ppo,1000,44.7,23.400000000000002,14.000000000000002,51.1,8.936,6.823266219239374,2.47,10.992942296295332,0.288455962216974,0.3237116875576954
combined_unseen,303,new_pf,1000,38.5,20.1,22.400000000000002,34.0,18.404,5.306493506493506,1.098,8.458570539653333,0.5275457997817354,104.73999099758377
combined_unseen,303,new_ppo,1000,48.1,27.500000000000004,11.4,49.2,8.396,6.8212058212058215,2.28,10.756867395957395,0.25631638898736436,0.3356276813289579
combined_unseen,404,new_pf,1000,35.8,19.7,19.2,39.2,17.966,5.9636871508379885,1.15,8.001959426103877,0.524552882605927,106.15326957974804
combined_unseen,404,new_ppo,1000,45.2,25.2,12.3,50.6,9.049,7.084070796460177,2.579,10.841947030061124,0.2710138398053727,0.3216043675894008
combined_unseen,555,new_pf,1000,34.5,19.7,19.6,40.2,17.65,6.101449275362318,1.123,8.078070619593893,0.46783745818029054,105.7325533455378
combined_unseen,555,new_ppo,1000,47.9,24.4,11.700000000000001,48.199999999999996,8.578,7.075156576200418,2.454,10.677659503880811,0.2593028912854504,0.30989108175252783
