experiment,acid_type,true_buffer_count,steps_taken,success,final_pH,target_pH,final_abs_pH_error,final_matched_pka_mae,final_posterior_mean_std,final_unused_slot_mole_fraction
1,triprotic,3,3,True,3.65,3.74,0.0900000000000003,1.5130227192001768,0.19017478122512596,0.0
4,triprotic,3,6,True,7.39,7.37,0.019999999999999574,2.3988673946588848,0.19550880088300668,0.0
2,monoprotic,1,12,True,6.89,6.93,0.040000000000000036,0.14215939955386947,0.2146197937520137,0.5400961243511779
3,monoprotic,1,13,True,9.97,9.97,0.0,0.22887403722218558,0.2037638139776997,0.3571408832888004
6,monoprotic,1,5,True,3.2,3.29,0.08999999999999986,0.17865931791161493,0.18023222096635894,0.8464943815920648
8,diprotic,2,6,True,3.9,3.99,0.0900000000000003,0.20574384848058602,0.17703770065224125,0.33575893121593353
5,monoprotic,1,5,True,2.6,2.56,0.040000000000000036,0.26206708049858385,0.09732351139182234,0.7365432618424604
11,diprotic,2,4,True,5.18,5.21,0.03000000000000025,1.2965791798094504,0.1985109006078937,0.383201594269211
9,diprotic,2,10,True,8.01,8.02,0.009999999999999787,0.6938076221649057,0.22226299364734767,0.3885431779167748
13,diprotic,2,6,True,7.02,7.09,0.07000000000000028,1.224882466630403,0.21458048290043444,0.40392215017589633
12,triprotic,3,6,True,4.04,3.97,0.06999999999999984,1.1136535869440527,0.18876241991262366,0.0
10,triprotic,3,8,True,10.78,10.72,0.05999999999999872,0.8890243602250666,0.2082040411848595,0.0
16,monoprotic,1,1,True,3.3,3.34,0.040000000000000036,0.5943587387254103,0.19814808384177737,0.5448160768520703
15,diprotic,2,8,True,10.99,10.99,0.0,0.9030389709583748,0.220568114618006,0.20503473548950985
14,triprotic,3,4,True,1.92,2.0,0.08000000000000007,2.980691559709984,0.14520581346618522,0.0
18,diprotic,2,6,True,6.62,6.71,0.08999999999999986,1.0149381992067508,0.21900648045748916,0.23728968216518864
17,triprotic,3,6,True,5.85,5.78,0.0699999999999994,1.1238316924972513,0.06289652289722267,0.0
7,triprotic,3,15,True,9.43,9.44,0.009999999999999787,1.0543194584658317,0.22487740607651405,0.0
19,triprotic,3,5,True,3.23,3.32,0.08999999999999986,1.4139665674064261,0.19575428484315874,0.0
21,triprotic,3,5,True,7.31,7.39,0.08000000000000007,0.9615526499157453,0.20769730138760545,0.0
22,diprotic,2,5,True,5.83,5.9,0.07000000000000028,0.5091541620937381,0.013137633301669116,0.010938987317351828
23,triprotic,3,5,True,3.55,3.55,0.0,1.7819657951938732,0.22041336837080527,0.0
20,diprotic,2,19,True,8.53,8.46,0.06999999999999851,0.16554079859279858,0.18436812007004574,0.4910911565798133
27,monoprotic,1,5,True,2.52,2.51,0.010000000000000231,0.2591421053837859,0.20868629843091666,0.7906363000529704
24,triprotic,3,11,True,7.74,7.81,0.0699999999999994,0.4246577718881759,0.1479946508706034,0.0
26,triprotic,3,11,True,8.59,8.67,0.08000000000000007,1.8501785199708911,0.21899584182806522,0.0
30,triprotic,3,5,True,2.66,2.74,0.08000000000000007,1.1796766130052998,0.20284796105858216,0.0
28,diprotic,2,12,True,8.88,8.94,0.05999999999999872,1.178568185457766,0.21870294291186565,0.13440594674277825
29,monoprotic,1,15,True,9.69,9.68,0.009999999999999787,0.3036498579461808,0.2172263594372527,0.8741891026350228
32,diprotic,2,14,True,10.29,10.24,0.049999999999998934,0.8284761009934775,0.19930497276676476,0.3031101735762754
25,monoprotic,1,50,False,6.64,7.25,0.6100000000000003,0.017034763048527246,0.26706124463393693,0.6450327827905521
34,diprotic,2,7,True,5.95,6.03,0.08000000000000007,0.9241402786183219,0.1525615587881867,0.6152137592386903
31,triprotic,3,11,True,10.49,10.56,0.07000000000000028,0.6381848347908741,0.06345466739334857,0.0
36,triprotic,3,1,True,3.41,3.34,0.07000000000000028,1.6021030002437369,0.16272733762552324,0.0
37,triprotic,3,7,True,6.23,6.27,0.03999999999999915,1.5879019653155744,0.21299911081838604,0.0
38,triprotic,3,8,True,3.93,4.02,0.08999999999999941,2.471456204260995,0.19659975689351894,0.0
39,monoprotic,1,12,True,10.07,10.01,0.0600000000000005,2.888444249046278,0.21234072620768144,0.960153245009196
41,monoprotic,1,6,True,6.06,6.05,0.009999999999999787,0.6658882748489825,0.21073916648602956,0.9746210963168456
35,monoprotic,1,9,True,2.15,2.07,0.08000000000000007,0.16722460491252722,0.16911206392072278,0.4722573801156032
40,triprotic,3,8,True,2.06,2.14,0.08000000000000007,1.2571780501115093,0.2680231362455131,0.0
33,monoprotic,1,50,False,7.91,8.17,0.2599999999999998,0.4251064506159894,0.22724900693412972,0.9785081416006769
43,monoprotic,1,4,True,4.99,5.03,0.040000000000000036,0.08089886550989656,0.0902398718548586,0.8515382283068417
46,triprotic,3,3,True,3.63,3.55,0.08000000000000007,1.795774839562455,0.21415805643018226,0.0
42,diprotic,2,15,True,9.92,9.88,0.03999999999999915,0.4982105767391962,0.2367993963555032,0.5866924622849238
48,triprotic,3,4,True,3.06,3.12,0.06000000000000005,1.473917553510122,0.15724142702303723,0.0
44,triprotic,3,9,True,9.05,9.1,0.049999999999998934,1.1774990514484232,0.2060051834176877,0.0
47,triprotic,3,8,True,8.61,8.59,0.019999999999999574,0.6505802191928652,0.20701194034734827,0.0
45,monoprotic,1,26,True,7.89,7.87,0.019999999999999574,0.9576236056724827,0.1962337028075676,0.4314101325815447
50,triprotic,3,7,True,7.08,7.08,0.0,1.3355839934225588,0.20731303589676306,0.0
51,monoprotic,1,14,True,6.6,6.55,0.04999999999999982,0.754117593846575,0.217936482494542,0.5807512841185041
52,diprotic,2,11,True,8.89,8.88,0.009999999999999787,1.6658929566803795,0.18823308596984809,0.38217620160147836
53,diprotic,2,4,True,2.05,2.03,0.020000000000000018,0.7018778625172641,0.21616586306320648,0.336716614544647
54,triprotic,3,5,True,4.03,4.1,0.0699999999999994,2.3183407870434207,0.2159283412883278,0.0
55,monoprotic,1,6,True,6.24,6.3,0.05999999999999961,0.4518021137361119,0.20101038425297205,0.6930680567126783
49,triprotic,3,12,True,10.08,10.13,0.05000000000000071,1.1019232812203887,0.21666158260731394,0.0
56,diprotic,2,11,True,10.25,10.33,0.08000000000000007,0.7088191186178743,0.19127741965379663,0.6073063307232434
57,triprotic,3,7,True,5.09,5.07,0.019999999999999574,0.9588206895640412,0.040469790665657396,0.0
58,triprotic,3,7,True,9.01,9.09,0.08000000000000007,1.6462833239906438,0.2036873909990018,0.0
62,monoprotic,1,10,True,6.45,6.45,0.0,0.801978518903804,0.21130759070061153,0.871311423240971
61,diprotic,2,12,True,9.63,9.56,0.07000000000000028,0.9771175985646485,0.19237451239652972,0.4169873505398305
63,triprotic,3,3,True,3.93,4.0,0.06999999999999984,2.1034449743865027,0.21268351339500127,0.0
59,monoprotic,1,25,True,5.98,5.98,0.0,0.30113978285550624,0.15439633243603232,0.6954714099212493
64,diprotic,2,3,True,2.99,3.05,0.05999999999999961,0.16721113343341498,0.19696591699392396,0.36951040937534796
60,diprotic,2,23,True,8.87,8.96,0.09000000000000163,0.38669900214852904,0.21292117556018023,0.15442163177780038
67,triprotic,3,8,True,5.57,5.64,0.0699999999999994,1.464246023609526,0.2133913042759735,0.0
66,diprotic,2,17,True,8.82,8.86,0.03999999999999915,0.6436417144075015,0.2094492220554327,0.04561751467192289
68,diprotic,2,7,True,4.75,4.82,0.07000000000000028,0.6215378813149603,0.17754892103021466,0.22898924881927654
70,monoprotic,1,3,True,4.64,4.67,0.03000000000000025,0.24481654152167165,0.20052153864501313,0.5808958912795601
69,diprotic,2,10,True,7.14,7.22,0.08000000000000007,1.0980981562395502,0.21427046937054461,0.222681403442395
65,monoprotic,1,27,True,9.03,8.98,0.049999999999998934,0.16792307944547336,0.21736090568702923,0.49718438952956984
71,triprotic,3,8,True,7.45,7.43,0.020000000000000462,1.286019238947881,0.2130048926488751,0.0
73,diprotic,2,11,True,10.44,10.35,0.08999999999999986,0.42048195662741983,0.20352718708986794,0.6295566510075421
72,monoprotic,1,12,True,9.74,9.67,0.07000000000000028,0.3775687511620154,0.21568974582547007,0.7324283644891545
75,monoprotic,1,3,True,5.35,5.28,0.0699999999999994,1.2021912147078386,0.20058953559406434,0.7702706721118252
74,triprotic,3,6,True,7.49,7.41,0.08000000000000007,1.4984960030036385,0.15493829556878044,0.0
79,diprotic,2,1,True,3.48,3.56,0.08000000000000007,0.6548085903252314,0.20097250065967565,0.18810248002849253
76,diprotic,2,8,True,4.42,4.51,0.08999999999999986,0.34464984317959924,0.20967496387003248,0.4295156198279745
77,diprotic,2,5,True,3.7,3.8,0.09999999999999964,1.080053053112343,0.19178471782694717,0.31394502412662423
80,diprotic,2,6,True,5.13,5.2,0.07000000000000028,0.9204979509762243,0.21887563409891456,0.39265808415671244
78,triprotic,3,4,True,2.27,2.36,0.08999999999999986,0.6534427630358288,0.09440049569588149,0.0
82,diprotic,2,8,True,4.48,4.4,0.08000000000000007,0.38467443332060736,0.16493260567767143,0.6509562718483971
84,triprotic,3,7,True,9.52,9.57,0.05000000000000071,0.8812298472174386,0.2095330819245045,0.0
85,diprotic,2,7,True,10.91,10.93,0.019999999999999574,0.41071344784086783,0.215471140923738,0.31281236071004065
83,triprotic,3,8,True,10.85,10.75,0.09999999999999964,1.4590508127293873,0.2033627705706825,0.0
86,triprotic,3,4,True,4.81,4.89,0.08000000000000007,1.3273754651839562,0.1959534780936342,0.0
81,diprotic,2,27,True,7.94,7.98,0.040000000000000036,0.8613917363812496,0.2177567415579631,0.40730790355024643
88,diprotic,2,5,True,5.24,5.31,0.0699999999999994,0.9137719385662302,0.2044461155930695,0.011337110734012154
90,monoprotic,1,23,True,8.98,8.96,0.019999999999999574,0.33088972007620043,0.22516670596142505,0.46899963103464365
91,monoprotic,1,22,True,8.73,8.78,0.049999999999998934,0.010361933558950653,0.2424467300336175,0.6434288179970148
87,triprotic,3,13,True,10.6,10.53,0.07000000000000028,0.7087699011884974,0.2114611171272207,0.0
93,monoprotic,1,4,True,4.7,4.75,0.04999999999999982,0.19462856753796398,0.20193186823783327,0.2860185132169934
92,diprotic,2,8,True,10.34,10.44,0.09999999999999964,1.0437957889084635,0.18952273363909844,0.10508850152075994
95,diprotic,2,10,True,10.47,10.44,0.030000000000001137,1.3341981969672383,0.20742763011595397,0.04751040996377882
89,triprotic,3,16,True,10.15,10.22,0.07000000000000028,0.9230658777683232,0.21946408019929028,0.0
94,triprotic,3,4,True,3.94,3.94,0.0,1.4540166472306286,0.009812598114526654,0.0
96,diprotic,2,5,True,3.1,3.17,0.06999999999999984,0.9025021857858981,0.20359233669585333,0.009746183517969834
97,diprotic,2,4,True,4.73,4.81,0.07999999999999918,0.14752105194627418,0.20375923852500144,0.3694529161506828
99,triprotic,3,5,True,8.11,8.08,0.02999999999999936,1.1408315708813053,0.21683029071880086,0.0
101,diprotic,2,5,True,4.22,4.28,0.0600000000000005,1.2178204429646964,0.20917394779746712,0.5026620511066333
98,diprotic,2,12,True,8.74,8.75,0.009999999999999787,1.9867636775218163,0.20233043542076778,0.2172816039348432
102,triprotic,3,5,True,5.03,5.08,0.04999999999999982,1.2589641011045194,0.20793916622744524,0.0
103,diprotic,2,4,True,3.37,3.3,0.07000000000000028,1.5024998582991007,0.19550249387192029,0.2591952562923789
105,triprotic,3,5,True,6.22,6.14,0.08000000000000007,1.2048055497245196,0.20714310965365731,0.0
106,monoprotic,1,3,True,3.73,3.67,0.06000000000000005,0.921101384435357,0.19640537076296216,0.16501040444032425
107,triprotic,3,7,True,5.84,5.89,0.04999999999999982,1.1871550583123542,0.20665853817214852,0.0
100,monoprotic,1,25,True,6.41,6.42,0.009999999999999787,0.37007228814993587,0.21892486062877325,0.23053534920727886
108,diprotic,2,8,True,10.45,10.52,0.07000000000000028,0.36566834302415696,0.204135965007907,0.5512614043996692
111,monoprotic,1,1,True,3.95,4.04,0.08999999999999986,0.4667036143857328,0.1962696209375996,0.29254911654564336
104,monoprotic,1,24,True,6.12,6.17,0.04999999999999982,0.5599279830389592,0.21651815623088336,0.5870185852772716
110,triprotic,3,5,True,5.27,5.35,0.08000000000000007,0.6656922439642953,0.16828079436555596,0.0
109,diprotic,2,16,True,8.57,8.47,0.09999999999999964,1.0117871521483237,0.227309449446495,0.5210599838176021
115,diprotic,2,3,True,3.55,3.61,0.06000000000000005,0.4371756404390863,0.2098841572253249,0.4090794126396028
113,diprotic,2,14,True,7.14,7.07,0.0699999999999994,0.3783725884186029,0.04966100827490851,0.22252076145353047
116,monoprotic,1,3,True,2.67,2.59,0.08000000000000007,0.01144577664582247,0.1995135138789136,0.7789855717840044
114,triprotic,3,10,True,8.57,8.52,0.05000000000000071,1.3082735411471134,0.20132077052463623,0.0
117,monoprotic,1,10,True,10.49,10.47,0.019999999999999574,1.164032799675903,0.1160380537545108,0.5536119413565603
112,triprotic,3,12,True,10.07,10.15,0.08000000000000007,1.6315289030654299,0.21918159752097668,0.0
120,diprotic,2,4,True,4.15,4.19,0.040000000000000036,0.045113480793753435,0.20480276094969993,0.11786437272080535
122,monoprotic,1,1,True,4.12,4.17,0.04999999999999982,0.5343130540029959,0.20449305289939743,0.4850745116599642
118,triprotic,3,6,True,4.41,4.5,0.08999999999999986,0.7135278407043089,0.17112106996139478,0.0
119,triprotic,3,7,True,7.45,7.39,0.0600000000000005,1.7748628978905412,0.20560173576542531,0.0
123,monoprotic,1,13,True,5.84,5.89,0.04999999999999982,0.3732545806524836,0.21401126685111568,0.9065019794759204
125,monoprotic,1,11,True,6.91,6.95,0.040000000000000036,0.09425771300144703,0.1991920612131534,0.23229000299197625
121,monoprotic,1,21,True,8.05,8.07,0.019999999999999574,0.7907689609921058,0.20777706101977544,0.3472493519245652
124,triprotic,3,14,True,4.69,4.67,0.020000000000000462,0.7984846364239435,0.1785189300930616,0.0
127,diprotic,2,8,True,10.68,10.64,0.03999999999999915,0.9111553250230622,0.22371600684331808,0.7024088755398116
126,triprotic,3,9,True,5.66,5.58,0.08000000000000007,1.0968205994570601,0.20933662235461326,0.0
130,triprotic,3,1,True,3.46,3.4,0.06000000000000005,0.8902100047193323,0.20281561207427665,0.0
128,monoprotic,1,8,True,7.46,7.41,0.04999999999999982,0.08322231717188355,0.18942919927802157,0.5408431228646527
131,monoprotic,1,3,True,3.68,3.78,0.09999999999999964,1.0889482870210938,0.2030902854028466,0.8196214116182545
134,diprotic,2,4,True,5.12,5.17,0.04999999999999982,0.11797744759599582,0.20523075730600282,0.3969661137264504
129,monoprotic,1,13,True,10.03,10.05,0.02000000000000135,0.693110160998641,0.1923949923038847,0.7106007196325229
132,triprotic,3,6,True,5.38,5.46,0.08000000000000007,1.2531086125165547,0.14506830497221648,0.0
136,diprotic,2,3,True,4.87,4.84,0.03000000000000025,0.8100869601322478,0.21241088165416736,0.24297816215316906
135,monoprotic,1,6,True,7.15,7.21,0.05999999999999961,0.1913415525666311,0.20258290849870142,0.778193826897482
138,monoprotic,1,5,True,3.62,3.56,0.06000000000000005,0.4656671813961166,0.03436582900960638,0.9257382294049576
133,triprotic,3,10,True,8.44,8.39,0.049999999999998934,1.8154087261243443,0.1976818293778562,0.0
137,triprotic,3,8,True,8.28,8.29,0.009999999999999787,2.040739575637193,0.1933145522107087,0.0
140,monoprotic,1,11,True,5.49,5.54,0.04999999999999982,0.06972192427128832,0.1928002113906233,0.8175427702232523
139,triprotic,3,7,True,11.03,10.95,0.08000000000000007,1.6129791281732402,0.16588688038246363,0.0
141,diprotic,2,9,True,10.53,10.48,0.049999999999998934,0.7754186394035552,0.20114462255973886,0.26304863076113244
142,diprotic,2,3,True,2.44,2.47,0.03000000000000025,0.852358038364641,0.14149626703729748,0.8204275685761742
145,monoprotic,1,2,True,2.02,2.07,0.04999999999999982,0.7822713430245511,0.2104985406214882,0.6634741933457033
144,diprotic,2,9,True,10.57,10.62,0.049999999999998934,0.20283828525895564,0.18391338264201837,0.5264193890189346
143,diprotic,2,12,True,7.17,7.23,0.0600000000000005,0.29052295310876386,0.10775861452097935,0.10073459663423599
147,triprotic,3,6,True,7.65,7.75,0.09999999999999964,1.782752679621235,0.19319686318257448,0.0
146,diprotic,2,12,True,10.47,10.46,0.009999999999999787,0.5226258641937835,0.18420138489210847,0.2492054861510449
148,monoprotic,1,10,True,4.92,4.89,0.03000000000000025,0.17228340138447384,0.1546551350194938,0.5379799439352708
149,triprotic,3,8,True,8.62,8.6,0.019999999999999574,1.4387789286481931,0.21345281438367966,0.0
150,monoprotic,1,14,True,10.12,10.15,0.030000000000001137,1.269356059060124,0.1963964786311294,0.8327666724729234
151,diprotic,2,16,True,7.6,7.66,0.0600000000000005,0.3637550996392718,0.21338704554628785,0.5437614640466036
153,monoprotic,1,3,True,3.54,3.62,0.08000000000000007,0.8878215162830707,0.20545110122264423,0.849242251499173
156,diprotic,2,4,True,6.0,6.09,0.08999999999999986,1.5154932851441187,0.20513586288577998,0.2722551452552561
154,monoprotic,1,8,True,6.56,6.57,0.010000000000000675,0.8389836608489913,0.1867169075050932,0.9606631170386154
152,triprotic,3,13,True,3.87,3.96,0.08999999999999986,0.8859286963022693,0.20128632061586807,0.0
155,triprotic,3,9,True,6.94,6.85,0.09000000000000075,0.8950404240971314,0.22428807639312276,0.0
157,diprotic,2,11,True,10.3,10.25,0.05000000000000071,1.0345273279677734,0.20539822803683414,0.1564098175395465
160,triprotic,3,4,True,4.79,4.84,0.04999999999999982,1.427804759786886,0.21774696801784155,0.0
158,diprotic,2,16,True,4.34,4.41,0.07000000000000028,0.6225540938045686,0.16421102691145925,0.22506990224091675
162,monoprotic,1,8,True,6.37,6.44,0.07000000000000028,0.985478785462143,0.20507365733046365,0.6874519013203526
163,triprotic,3,6,True,2.93,2.98,0.04999999999999982,0.9608777142240106,0.20638272151991766,0.0
159,triprotic,3,13,True,8.46,8.49,0.02999999999999936,1.6890972848493717,0.21539841449830677,0.0
165,diprotic,2,16,True,3.26,3.35,0.0900000000000003,0.47142634436772446,0.20690632425281005,0.20716826826202506
161,triprotic,3,16,True,9.48,9.42,0.0600000000000005,0.9096267271216149,0.16918277537459922,0.0
166,triprotic,3,10,True,10.74,10.75,0.009999999999999787,1.4654140655258245,0.2008098830678496,0.0
167,triprotic,3,4,True,2.45,2.43,0.020000000000000018,1.8666786730914986,0.20265360270549157,0.0
169,monoprotic,1,3,True,2.43,2.43,0.0,0.5408388662684387,0.20177418669667332,0.23787029413438704
164,monoprotic,1,50,False,7.51,8.15,0.6400000000000006,0.6497082991731329,0.2091182513578107,0.3926969379086117
168,monoprotic,1,8,True,3.07,2.99,0.07999999999999963,0.2980330191168221,0.10077763232177084,0.550514168041608
171,triprotic,3,7,True,2.17,2.25,0.08000000000000007,2.1888171923232087,0.2062842356082046,0.0
170,diprotic,2,24,True,9.0,9.06,0.0600000000000005,0.31318128817255486,0.19030340422915626,0.22476924112804156
173,triprotic,3,4,True,4.37,4.41,0.040000000000000036,0.6214980788481124,0.20709635301294993,0.0
174,monoprotic,1,7,True,10.93,10.94,0.009999999999999787,0.045940556204794536,0.1835282491053137,0.8311901603061812
175,diprotic,2,3,True,2.48,2.4,0.08000000000000007,0.9114535420470367,0.1748156930112087,0.5677065870453937
172,triprotic,3,9,True,9.32,9.41,0.08999999999999986,1.5753564034084409,0.21659173029308787,0.0
177,triprotic,3,6,True,7.05,7.12,0.07000000000000028,0.7330514104963428,0.24614590234599368,0.0
176,triprotic,3,6,True,10.65,10.68,0.02999999999999936,0.5332654477364861,0.20758866607226292,0.0
178,diprotic,2,5,True,5.7,5.63,0.07000000000000028,0.6823918268924078,0.17608990953535894,0.2809868659190522
182,monoprotic,1,2,True,3.87,3.8,0.07000000000000028,0.027611978054512765,0.2036152051457747,0.45121172040294155
181,diprotic,2,5,True,7.26,7.25,0.009999999999999787,0.1359315033311368,0.21816202470302973,0.18138876895892297
180,triprotic,3,3,True,2.3,2.34,0.040000000000000036,0.9004319432281775,0.21060671358425612,0.0
185,diprotic,2,5,True,7.1,7.17,0.07000000000000028,0.7025956174078596,0.16379002988471694,0.494545172533224
186,monoprotic,1,2,True,2.99,2.92,0.07000000000000028,0.742805622938639,0.19990763360937128,0.47536665823957946
184,triprotic,3,7,True,10.95,10.93,0.019999999999999574,1.6811127516248092,0.19437455810579532,0.0
187,monoprotic,1,4,True,4.93,4.87,0.05999999999999961,0.2641700292754363,0.1949599422749646,0.8702305543133548
179,triprotic,3,11,True,10.21,10.31,0.09999999999999964,2.4604026868232576,0.2141520344213329,0.0
183,triprotic,3,12,True,10.12,10.11,0.009999999999999787,0.7867373369953303,0.2106692358038479,0.0
191,monoprotic,1,16,True,5.21,5.23,0.020000000000000462,0.02641116956931322,0.19347517980275006,0.5226431770759693
190,diprotic,2,28,True,7.72,7.77,0.04999999999999982,0.6141021777566515,0.1895206853963346,0.31351724729184394
192,diprotic,2,4,True,4.24,4.32,0.08000000000000007,1.0823719404368144,0.19824546731214646,0.48621633166080963
189,triprotic,3,13,True,9.8,9.81,0.009999999999999787,1.3655963914098121,0.20346734818825454,0.0
188,diprotic,2,21,True,3.74,3.7,0.040000000000000036,0.5047638791247533,0.2276394466863899,0.4473067570975335
194,diprotic,2,8,True,5.8,5.79,0.009999999999999787,1.0134356970813778,0.07750860170498763,0.5375867456290339
195,diprotic,2,10,True,6.42,6.42,0.0,0.4542197848677527,0.18982078488803703,0.7813357927125415
193,monoprotic,1,5,True,2.45,2.41,0.040000000000000036,0.17953307424979226,0.19613405198713652,0.8186715895228446
197,triprotic,3,4,True,2.68,2.66,0.020000000000000018,0.3553341943249538,0.1992313578667254,0.0
198,triprotic,3,10,True,5.29,5.37,0.08000000000000007,1.383078812269246,0.19087194881074612,0.0
196,triprotic,3,13,True,8.73,8.69,0.040000000000000924,0.531404241386017,0.20784606210484202,0.0
200,monoprotic,1,20,True,9.17,9.25,0.08000000000000007,0.05505796031905419,0.21187626719345543,0.8345031259990809
199,monoprotic,1,50,False,8.43,8.25,0.17999999999999972,1.3998403001982478,0.09248346103754577,0.7788524469852212
