BASE,,SSA1,,SSA2,,SSA3,,SSA4R,,SSA5R,,SSA6,,SSA7,,SSA8,,SSA9,,SSA10,,SSA11,,SSAP,,CUP,
波长 (nm),Abs,波长 (nm),Abs,波长 (nm),Abs,波长 (nm),Abs,波长 (nm),Abs,波长 (nm),Abs,波长 (nm),Abs,波长 (nm),Abs,波长 (nm),Abs,波长 (nm),Abs,波长 (nm),Abs,波长 (nm),Abs,波长 (nm),Abs,波长 (nm),Abs
800.0067749,-0.001457778,800.0067749,0.071619138,800.0067749,0.101989105,800.0067749,0.107270047,799.9973755,0.100073926,799.9973755,0.10296268,800.0067749,0.085076116,800.0067749,0.07725592,800.0067749,0.057490345,800.0067749,0.04340221,800.0067749,0.026752923,800.0067749,0.01309356,800.0067749,0.004377248,800.0067749,0.172630236
797.9931641,-0.00151412,797.9931641,0.069096833,797.9931641,0.103064179,797.9931641,0.106600106,797.9840088,0.098838285,797.9840088,0.102666259,797.9931641,0.085176192,797.9931641,0.076964691,797.9931641,0.058781818,797.9931641,0.046416771,797.9931641,0.028501611,797.9931641,0.014116195,797.9931641,0.001158777,797.9931641,0.173003897
796.0125122,-0.000299656,796.0125122,0.069565997,796.0125122,0.09981329,796.0125122,0.105671138,796.0037231,0.099091515,796.0037231,0.103612408,796.0125122,0.085935727,796.0125122,0.076890871,796.0125122,0.05845844,796.0125122,0.044352558,796.0125122,0.02670582,796.0125122,0.012790521,796.0125122,0.0007545839762,796.0125122,0.170305386
793.9957886,-0.001452567,793.9957886,0.069732346,793.9957886,0.101128683,793.9957886,0.106042966,793.9871216,0.10209889,793.9871216,0.104713284,793.9957886,0.086504824,793.9957886,0.0773445,793.9957886,0.058950905,793.9957886,0.045009784,793.9957886,0.02683902,793.9957886,0.013185984,793.9957886,0.002041681,793.9957886,0.173749819
792.0120239,-0.000454992,792.0120239,0.068718776,792.0120239,0.10150671,792.0120239,0.104967855,792.0036621,0.101681769,792.0036621,0.103574418,792.0120239,0.084137321,792.0120239,0.076743782,792.0120239,0.059564754,792.0120239,0.042463154,792.0120239,0.025194457,792.0120239,0.012481138,792.0120239,-7.58E-05,792.0120239,0.169800267
789.9920044,0.0024805,789.9920044,0.073336251,789.9920044,0.104885027,789.9920044,0.111728862,789.9838867,0.09995687,789.9838867,0.104071848,789.9920044,0.088694535,789.9920044,0.078410268,789.9920044,0.06062844,789.9920044,0.046858475,789.9920044,0.0304478,789.9920044,0.016268246,789.9920044,0.005002247,789.9920044,0.173364908
788.005188,-0.000493158,788.005188,0.069064297,788.005188,0.103062369,788.005188,0.105320774,787.9973755,0.100027874,787.9973755,0.102546141,788.005188,0.085004106,788.005188,0.076928072,788.005188,0.060166121,788.005188,0.04450608,788.005188,0.027687632,788.005188,0.012077107,788.005188,4.644190994E-005,788.005188,0.169378951
786.0168457,-0.001126699,786.0168457,0.070032232,786.0168457,0.100737885,786.0168457,0.107372493,786.0092773,0.100678839,786.0092773,0.107014321,786.0168457,0.086377464,786.0168457,0.078401126,786.0168457,0.061000232,786.0168457,0.044487096,786.0168457,0.029846834,786.0168457,0.01275917,786.0168457,0.00282864,786.0168457,0.171940684
783.9920654,0.002580588,783.9920654,0.069937162,783.9920654,0.103064016,783.9920654,0.110449642,783.9846802,0.101719491,783.9846802,0.104374789,783.9920654,0.08801391,783.9920654,0.079484165,783.9920654,0.062798269,783.9920654,0.046651401,783.9920654,0.028468082,783.9920654,0.015455477,783.9920654,0.002072345,783.9920654,0.171897382
782.0006104,-0.001466292,782.0006104,0.068698794,782.0006104,0.100180522,782.0006104,0.107471772,781.9935303,0.103605837,781.9935303,0.105938591,782.0006104,0.087363727,782.0006104,0.080779813,782.0006104,0.061841711,782.0006104,0.045033071,782.0006104,0.0271539,782.0006104,0.014692796,782.0006104,0.0006150199333,782.0006104,0.169427663
780.0076294,-0.000644238,780.0076294,0.070519492,780.0076294,0.100768149,780.0076294,0.105326116,780.0009155,0.101069808,780.0009155,0.105906315,780.0076294,0.088365778,780.0076294,0.079913005,780.0076294,0.058824468,780.0076294,0.045229778,780.0076294,0.028337808,780.0076294,0.013185102,780.0076294,0.001166589,780.0076294,0.167954683
778.0131836,-0.001269042,778.0131836,0.069863454,778.0131836,0.103036381,778.0131836,0.106806919,778.0066528,0.100844324,778.0066528,0.107066356,778.0131836,0.084810004,778.0131836,0.07905069,778.0131836,0.060728725,778.0131836,0.046467472,778.0131836,0.029096317,778.0131836,0.013977002,778.0131836,0.002157588,778.0131836,0.164130345
776.0171509,0.0005071173073,776.0171509,0.070068456,776.0171509,0.103666499,776.0171509,0.10871058,776.0108032,0.101302765,776.0108032,0.106770404,776.0171509,0.086481668,776.0171509,0.079174824,776.0171509,0.062472694,776.0171509,0.045986135,776.0171509,0.028244425,776.0171509,0.013377029,776.0171509,0.002262466,776.0171509,0.165932357
773.9845581,0.0009867543122,773.9845581,0.067516975,773.9845581,0.102063686,773.9845581,0.109462388,774.0135498,0.102827907,774.0135498,0.10813506,773.9845581,0.087976694,773.9845581,0.080570169,773.9845581,0.061635155,773.9845581,0.045020953,773.9845581,0.028694123,773.9845581,0.013416033,773.9845581,0.001589872,773.9845581,0.163091093
771.9854736,5.50888326E-005,771.9854736,0.066679411,771.9854736,0.101364546,771.9854736,0.106469624,772.0148315,0.101995587,772.0148315,0.109658577,771.9854736,0.085694693,771.9854736,0.08048401,771.9854736,0.059244085,771.9854736,0.045847192,771.9854736,0.027041348,771.9854736,0.013275597,771.9854736,0.0007238828111,771.9854736,0.163699403
769.9849243,0.0005477299565,769.9849243,0.06952884,769.9849243,0.101358078,769.9849243,0.108309522,770.0144653,0.103161432,770.0144653,0.106006585,769.9849243,0.088483252,769.9849243,0.081279136,769.9849243,0.061133921,769.9849243,0.046659701,769.9849243,0.028967706,769.9849243,0.015456979,769.9849243,0.002118125,769.9849243,0.165951014
767.9828491,-0.000532148,767.9828491,0.067875139,767.9828491,0.102220818,767.9828491,0.10740865,768.0126953,0.101981051,768.0126953,0.106774144,767.9828491,0.088693075,767.9828491,0.081418179,767.9828491,0.062809512,767.9828491,0.047034461,767.9828491,0.02805537,767.9828491,0.012997769,767.9828491,0.002273682,767.9828491,0.163764343
766.0144043,0.0003337206726,766.0144043,0.067725651,766.0144043,0.101079017,766.0144043,0.107553378,766.0093994,0.10214562,766.0093994,0.106644608,766.0144043,0.088300869,766.0144043,0.080542713,766.0144043,0.062219054,766.0144043,0.046943605,766.0144043,0.029450899,766.0144043,0.012057838,766.0144043,0.002110321,766.0144043,0.16289334
764.0093384,8.266176155E-005,764.0093384,0.068193093,764.0093384,0.100814216,764.0093384,0.106724493,764.0045166,0.101443633,764.0045166,0.107544452,764.0093384,0.089680634,764.0093384,0.08051797,764.0093384,0.063352346,764.0093384,0.047034897,764.0093384,0.029134072,764.0093384,0.014903741,764.0093384,0.001568984,764.0093384,0.160611287
762.0028076,4.840945985E-005,762.0028076,0.066401139,762.0028076,0.099696912,762.0028076,0.106378771,761.99823,0.10200505,761.99823,0.105670773,762.0028076,0.089814313,762.0028076,0.080109075,762.0028076,0.061695274,762.0028076,0.046756353,762.0028076,0.028624246,762.0028076,0.012833791,762.0028076,0.0003998633765,762.0028076,0.159036115
759.9946899,0.0006321810652,759.9946899,0.064700238,759.9946899,0.099933602,759.9946899,0.106250703,759.9903564,0.100657426,759.9903564,0.105844609,759.9946899,0.089812852,759.9946899,0.08129137,759.9946899,0.062578849,759.9946899,0.046485394,759.9946899,0.028958576,759.9946899,0.013760682,759.9946899,0.0001168390882,759.9946899,0.157336548
757.9851685,-0.00015917,757.9851685,0.064863622,757.9851685,0.099819608,757.9851685,0.107144035,758.0163574,0.10108918,758.0163574,0.105546683,757.9851685,0.086398497,757.9851685,0.079693697,757.9851685,0.060874153,757.9851685,0.046899162,757.9851685,0.029836435,757.9851685,0.013876366,757.9851685,0.002365574,757.9851685,0.15684776
756.0093994,-0.001283495,756.0093994,0.065191984,756.0093994,0.099045075,756.0093994,0.105232664,756.0056152,0.100969628,756.0056152,0.104997821,756.0093994,0.087465763,756.0093994,0.08008875,756.0093994,0.062696725,756.0093994,0.046516623,756.0093994,0.029262038,756.0093994,0.013355941,756.0093994,0.001879785,756.0093994,0.155367866
753.9968872,0.001058498,753.9968872,0.064212948,753.9968872,0.099562638,753.9968872,0.107180186,753.9934082,0.101973325,753.9934082,0.106794238,753.9968872,0.088554628,753.9968872,0.082256876,753.9968872,0.063762389,753.9968872,0.048723612,753.9968872,0.030828305,753.9968872,0.015585512,753.9968872,0.001934619,753.9968872,0.153967127
751.9829712,-9.50E-05,751.9829712,0.065252386,751.9829712,0.098293059,751.9829712,0.105774693,752.0150146,0.100715466,752.0150146,0.105426781,751.9829712,0.09019307,751.9829712,0.0806017,751.9829712,0.063184559,751.9829712,0.047864921,751.9829712,0.029034097,751.9829712,0.015290328,751.9829712,0.002218831,751.9829712,0.153227866
750.0029297,-0.001664174,750.0029297,0.064335108,750.0029297,0.097108565,750.0029297,0.103440352,749.999939,0.100275472,749.999939,0.105204694,750.0029297,0.088362098,750.0029297,0.081130736,750.0029297,0.061326016,750.0029297,0.046808477,750.0029297,0.028920475,750.0029297,0.013330688,750.0029297,0.001049935,750.0029297,0.151004225
747.9860229,-0.001337021,747.9860229,0.063742727,747.9860229,0.097054735,747.9860229,0.105171651,747.9832764,0.100024127,747.9832764,0.106461585,747.9860229,0.0891416,747.9860229,0.080811121,747.9860229,0.062177952,747.9860229,0.046265911,747.9860229,0.028825058,747.9860229,0.013098522,747.9860229,0.001660104,747.9860229,0.148445979
746.0031128,0.0002267167001,746.0031128,0.062515952,746.0031128,0.096720919,746.0031128,0.103380837,746.0006714,0.100242473,746.0006714,0.105538167,746.0031128,0.088471539,746.0031128,0.080163434,746.0031128,0.06251628,746.0031128,0.047038704,746.0031128,0.029312382,746.0031128,0.013553978,746.0031128,0.002726646,746.0031128,0.149212569
743.9833984,-0.00015948,743.9833984,0.061443698,743.9833984,0.094746098,743.9833984,0.101808749,744.0165405,0.099060297,744.0165405,0.10561458,743.9833984,0.087272823,743.9833984,0.077481642,743.9833984,0.062007364,743.9833984,0.04501228,743.9833984,0.027882047,743.9833984,0.014452461,743.9833984,0.001103132,743.9833984,0.14469184
741.9976196,-0.000340112,741.9976196,0.062243015,741.9976196,0.094443038,741.9976196,0.10177727,741.9956055,0.099552281,741.9956055,0.105414636,741.9976196,0.086873427,741.9976196,0.080405347,741.9976196,0.062472843,741.9976196,0.047170207,741.9976196,0.028544817,741.9976196,0.012930853,741.9976196,0.001749164,741.9976196,0.142979205
740.010437,0.0001460472995,740.010437,0.060781095,740.010437,0.094497964,740.010437,0.102257177,740.008728,0.098164603,740.008728,0.104889244,740.010437,0.087821402,740.010437,0.08010114,740.010437,0.062056933,740.010437,0.047267117,740.010437,0.029936818,740.010437,0.015637649,740.010437,0.001675591,740.010437,0.142915562
737.9863892,0.0004712766968,737.9863892,0.060964607,737.9863892,0.094011925,737.9863892,0.101731271,737.9848633,0.099049076,737.9848633,0.104456499,737.9863892,0.088479951,737.9863892,0.081031084,737.9863892,0.062384017,737.9863892,0.047339886,737.9863892,0.029387908,737.9863892,0.015299471,737.9863892,0.001100459,737.9863892,0.141412854
735.9963989,-0.000155081,735.9963989,0.060758587,735.9963989,0.093639269,735.9963989,0.102075242,735.9951782,0.09821026,735.9951782,0.103512585,735.9963989,0.087603569,735.9963989,0.07981687,735.9963989,0.061362207,735.9963989,0.046330333,735.9963989,0.028699625,735.9963989,0.014024295,735.9963989,0.002949578,735.9963989,0.138739705
734.0050659,-0.000286101,734.0050659,0.059646945,734.0050659,0.091867238,734.0050659,0.09970659,734.0040283,0.096584998,734.0040283,0.102774411,734.0050659,0.086109795,734.0050659,0.079228289,734.0050659,0.060883861,734.0050659,0.046895329,734.0050659,0.028684583,734.0050659,0.014258053,734.0050659,0.0005482482957,734.0050659,0.13554211
732.0122681,-0.001076866,732.0122681,0.058696322,732.0122681,0.090949439,732.0122681,0.098723508,732.0115356,0.096650869,732.0115356,0.100694373,732.0122681,0.084946595,732.0122681,0.077619791,732.0122681,0.060156398,732.0122681,0.045194644,732.0122681,0.028016631,732.0122681,0.013770889,732.0122681,0.0008099761326,732.0122681,0.133669481
729.9825439,-0.000510896,729.9825439,0.058400396,729.9825439,0.090479977,729.9825439,0.100323804,730.0176392,0.09562628,730.0176392,0.102497757,729.9825439,0.084403209,729.9825439,0.077639133,729.9825439,0.061246365,729.9825439,0.046192776,729.9825439,0.029256195,729.9825439,0.014105097,729.9825439,0.001426586,729.9825439,0.131621853
727.9869995,-1.96E-05,727.9869995,0.056662027,727.9869995,0.089004852,727.9869995,0.098478675,727.9867554,0.095232993,727.9867554,0.101870149,727.9869995,0.084049039,727.9869995,0.077815138,727.9869995,0.060901463,727.9869995,0.044242512,727.9869995,0.028227435,727.9869995,0.012346837,727.9869995,0.00153916,727.9869995,0.128996089
725.9901123,-0.000959877,725.9901123,0.055193111,725.9901123,0.087601766,725.9901123,0.096527547,725.9901123,0.09419363,725.9901123,0.10099043,725.9901123,0.083210394,725.9901123,0.076258197,725.9901123,0.060061149,725.9901123,0.044890929,725.9901123,0.027439559,725.9901123,0.012383884,725.9901123,0.001401759,725.9901123,0.127642274
723.9917603,-0.000206676,723.9917603,0.054971509,723.9917603,0.087889723,723.9917603,0.097241797,723.9921265,0.092866056,723.9921265,0.100116208,723.9917603,0.084435657,723.9917603,0.078016184,723.9917603,0.06104498,723.9917603,0.045873113,723.9917603,0.028588746,723.9917603,0.013782432,723.9917603,0.001291584,723.9917603,0.125787243
721.9921265,-0.001767826,721.9921265,0.053948741,721.9921265,0.084873259,721.9921265,0.095274866,721.9926758,0.093774207,721.9926758,0.10001155,721.9921265,0.081797712,721.9921265,0.076624684,721.9921265,0.059050892,721.9921265,0.043422177,721.9921265,0.026694534,721.9921265,0.012690824,721.9921265,0.0007734880783,721.9921265,0.12305443
719.9910889,0.0005344857345,719.9910889,0.053419407,719.9910889,0.086100735,719.9910889,0.096048824,719.9918823,0.091339916,719.9918823,0.099605903,719.9910889,0.083259523,719.9910889,0.077221006,719.9910889,0.059393972,719.9910889,0.045718301,719.9910889,0.02796155,719.9910889,0.013550853,719.9910889,0.002329606,719.9910889,0.1211951
717.9887085,0.0009953161934,717.9887085,0.052763078,717.9887085,0.084910274,717.9887085,0.094398998,717.9897461,0.090639703,717.9897461,0.100086838,717.9887085,0.08197666,717.9887085,0.075752221,717.9887085,0.058946218,717.9887085,0.04458094,717.9887085,0.028099388,717.9887085,0.011898045,717.9887085,0.001398175,717.9887085,0.118009314
715.9850464,-0.001648135,715.9850464,0.051489443,715.9850464,0.082703248,715.9850464,0.0927158,715.9862671,0.090214193,715.9862671,0.097081698,715.9850464,0.080728531,715.9850464,0.074538514,715.9850464,0.058204915,715.9850464,0.044459481,715.9850464,0.027350778,715.9850464,0.013487831,715.9850464,-0.000110157,715.9850464,0.114236385
714.0157471,0.0002935943194,714.0157471,0.053171963,714.0157471,0.081880756,714.0157471,0.092658371,714.017334,0.087356858,714.017334,0.097436652,714.0157471,0.081687942,714.0157471,0.076034985,714.0157471,0.057630051,714.0157471,0.04389498,714.0157471,0.027938167,714.0157471,0.01336248,714.0157471,0.002570432,714.0157471,0.113591522
712.0093384,-0.000822911,712.0093384,0.050426044,712.0093384,0.080766097,712.0093384,0.090271488,712.0111084,0.089504339,712.0111084,0.096883245,712.0093384,0.079887152,712.0093384,0.073852919,712.0093384,0.057530947,712.0093384,0.043258797,712.0093384,0.026898282,712.0093384,0.012523472,712.0093384,-0.000145093,712.0093384,0.110634819
710.0015869,-0.001627349,710.0015869,0.050371479,710.0015869,0.078880735,710.0015869,0.090848051,710.0036011,0.088153772,710.0036011,0.095725171,710.0015869,0.080535203,710.0015869,0.074770056,710.0015869,0.058090176,710.0015869,0.043786909,710.0015869,0.027364232,710.0015869,0.012257947,710.0015869,0.001590287,710.0015869,0.108934872
707.9924927,-0.000884037,707.9924927,0.048628636,707.9924927,0.079778604,707.9924927,0.089124113,707.994751,0.085852571,707.994751,0.093031123,707.9924927,0.080386594,707.9924927,0.073254675,707.9924927,0.056691788,707.9924927,0.043578204,707.9924927,0.027913488,707.9924927,0.013330234,707.9924927,0.00256262,707.9924927,0.107674226
706.0179443,-0.000165483,706.0179443,0.047574725,706.0179443,0.079767071,706.0179443,0.089220367,705.9845581,0.088718288,705.9845581,0.094249621,706.0179443,0.078974858,706.0179443,0.073053285,706.0179443,0.056680195,706.0179443,0.043165296,706.0179443,0.027201107,706.0179443,0.013137128,706.0179443,0.002280656,706.0179443,0.104254417
704.0062256,-0.000193066,704.0062256,0.047626112,704.0062256,0.078879923,704.0062256,0.087136291,704.0089722,0.083720043,704.0089722,0.092698686,704.0062256,0.077929415,704.0062256,0.07307861,704.0062256,0.05491443,704.0062256,0.043029882,704.0062256,0.027839983,704.0062256,0.013829543,704.0062256,0.001774713,704.0062256,0.103091747
701.993103,-0.001806031,701.993103,0.046272967,701.993103,0.07405293,701.993103,0.084672883,701.9961548,0.083320767,701.9961548,0.091004461,701.993103,0.075765044,701.993103,0.07102266,701.993103,0.054848723,701.993103,0.041656341,701.993103,0.025297338,701.993103,0.011933618,701.993103,0.001111878,701.993103,0.097710848
700.0146484,0.0002477476082,700.0146484,0.046559442,700.0146484,0.077019274,700.0146484,0.08532957,700.0179443,0.081946746,700.0179443,0.089384332,700.0146484,0.078004375,700.0146484,0.071220979,700.0146484,0.056707215,700.0146484,0.043798335,700.0146484,0.026997851,700.0146484,0.014418341,700.0146484,0.003289226,700.0146484,0.098445103
697.9990234,0.0005047330633,697.9990234,0.045531202,697.9990234,0.074974127,697.9990234,0.083836049,698.0025635,0.082311466,698.0025635,0.088619351,697.9990234,0.075277783,697.9990234,0.071772017,697.9990234,0.053876497,697.9990234,0.042265583,697.9990234,0.026654458,697.9990234,0.013800629,697.9990234,0.001939274,697.9990234,0.095852464
696.0180054,-0.00104655,696.0180054,0.043715708,696.0180054,0.07149861,696.0180054,0.082152054,695.9857788,0.08044491,695.9857788,0.087168247,696.0180054,0.073278241,696.0180054,0.070499241,696.0180054,0.052629109,696.0180054,0.040973958,696.0180054,0.025312623,696.0180054,0.011755839,696.0180054,0.00111847,696.0180054,0.092211135
693.9996948,0.0001889568957,693.9996948,0.040449027,693.9996948,0.069870844,693.9996948,0.081607252,694.0037231,0.081244394,694.0037231,0.088442758,693.9996948,0.071723372,693.9996948,0.068145975,693.9996948,0.051141191,693.9996948,0.040289149,693.9996948,0.025946967,693.9996948,0.013228013,693.9996948,0.001067891,693.9996948,0.090534501
692.0161133,-0.000374615,692.0161133,0.043199863,692.0161133,0.068323076,692.0161133,0.080091618,691.984375,0.078084186,691.984375,0.085609309,692.0161133,0.071982473,692.0161133,0.068010412,692.0161133,0.05322814,692.0161133,0.039384115,692.0161133,0.025482507,692.0161133,0.011857874,692.0161133,0.003323735,692.0161133,0.087068714
689.9952393,-0.000371408,689.9952393,0.038693234,689.9952393,0.068438821,689.9952393,0.075789392,689.9998169,0.076448299,689.9998169,0.083617099,689.9952393,0.072450638,689.9952393,0.067798361,689.9952393,0.051448993,689.9952393,0.040438797,689.9952393,0.023046359,689.9952393,0.011087458,689.9952393,0.001010027,689.9952393,0.08565452
688.0090942,-2.99E-05,688.0090942,0.039145447,688.0090942,0.066877387,688.0090942,0.076629199,688.013916,0.078042142,688.013916,0.082604393,688.0090942,0.070073932,688.0090942,0.06652005,688.0090942,0.050436396,688.0090942,0.039001398,688.0090942,0.024561647,688.0090942,0.011214889,688.0090942,0.002469592,688.0090942,0.082377836
685.9855957,0.0001752056851,685.9855957,0.03961781,685.9855957,0.066937275,685.9855957,0.076724939,685.9907227,0.076214567,685.9907227,0.08416453,685.9855957,0.067545921,685.9855957,0.066242449,685.9855957,0.050062612,685.9855957,0.038139142,685.9855957,0.02533957,685.9855957,0.010889294,685.9855957,0.0005869466113,685.9855957,0.08058048
683.9970093,-0.001957892,683.9970093,0.038221337,683.9970093,0.06067922,683.9970093,0.076492257,684.0023193,0.074515067,684.0023193,0.081190124,683.9970093,0.066609062,683.9970093,0.062117796,683.9970093,0.048432816,683.9970093,0.035904963,683.9970093,0.022560393,683.9970093,0.012345691,683.9970093,0.002302879,683.9970093,0.078590497
682.0070801,-0.000186235,682.0070801,0.036209125,682.0070801,0.062520579,682.0070801,0.072579943,682.0127563,0.072843626,682.0127563,0.076851502,682.0070801,0.06671609,682.0070801,0.061676119,682.0070801,0.048799697,682.0070801,0.037992287,682.0070801,0.023152666,682.0070801,0.011781611,682.0070801,0.002717216,682.0070801,0.075484581
680.0160522,-0.001651023,680.0160522,0.034497682,680.0160522,0.061205324,680.0160522,0.071726792,679.9856567,0.071358733,679.9856567,0.079053789,680.0160522,0.066362776,680.0160522,0.06138156,680.0160522,0.0471926,680.0160522,0.038380567,680.0160522,0.022149986,680.0160522,0.011234254,680.0160522,0.001181436,680.0160522,0.072762936
677.9874268,-6.48E-05,677.9874268,0.035588957,677.9874268,0.059517931,677.9874268,0.071866021,677.9935913,0.068402007,677.9935913,0.074551336,677.9874268,0.065055959,677.9874268,0.061558761,677.9874268,0.046760503,677.9874268,0.036739152,677.9874268,0.023242038,677.9874268,0.012248174,677.9874268,0.001360313,677.9874268,0.073496938
675.9938354,-0.000993557,675.9938354,0.032908488,675.9938354,0.057367995,675.9938354,0.070834272,676.0001831,0.068626389,676.0001831,0.077258147,675.9938354,0.063216329,675.9938354,0.059792101,675.9938354,0.046113983,675.9938354,0.033624176,675.9938354,0.020552957,675.9938354,0.010312442,675.9938354,0.001853892,675.9938354,0.069682047
673.9990234,7.655155787E-005,673.9990234,0.036215767,673.9990234,0.057547972,673.9990234,0.067714371,674.0055542,0.06838043,674.0055542,0.074676655,673.9990234,0.062373769,673.9990234,0.060317457,673.9990234,0.045569755,673.9990234,0.033780694,673.9990234,0.023021355,673.9990234,0.011133666,673.9990234,0.0007940527285,673.9990234,0.067353167
672.0029297,-0.000526667,672.0029297,0.031095896,672.0029297,0.056070641,672.0029297,0.066451393,672.0097656,0.066883065,672.0097656,0.0714662,672.0029297,0.05926349,672.0029297,0.056278426,672.0029297,0.043586161,672.0029297,0.03398253,672.0029297,0.021544199,672.0029297,0.009314583,672.0029297,0.001392566,672.0029297,0.065323837
670.0056763,0.0009576451266,670.0056763,0.03338426,670.0056763,0.056708451,670.0056763,0.06807778,670.0126953,0.063761674,670.0126953,0.070788592,670.0056763,0.062588535,670.0056763,0.057574719,670.0056763,0.047734562,670.0056763,0.034914151,670.0056763,0.02336574,670.0056763,0.012653431,670.0056763,0.003406849,670.0056763,0.065914951
668.0070801,-0.000499467,668.0070801,0.030806711,668.0070801,0.052419093,668.0070801,0.064295664,668.0144653,0.063895524,668.0144653,0.066405959,668.0070801,0.058359742,668.0070801,0.053782791,668.0070801,0.040983431,668.0070801,0.034313168,668.0070801,0.018529201,668.0070801,0.010847783,668.0070801,0.00161775,668.0070801,0.059182022
666.0074463,-0.000382892,666.0074463,0.02835005,666.0074463,0.05153564,666.0074463,0.062627494,666.0150146,0.064401247,666.0150146,0.068278268,666.0074463,0.056257211,666.0074463,0.056556098,666.0074463,0.040592078,666.0074463,0.031709705,666.0074463,0.020367356,666.0074463,0.008761184,666.0074463,0.002212717,666.0074463,0.060763352
664.0065308,-0.000382271,664.0065308,0.028171279,664.0065308,0.049662936,664.0065308,0.061555687,664.0142822,0.060043342,664.0142822,0.068089798,664.0065308,0.056182373,664.0065308,0.054568529,664.0065308,0.041403379,664.0065308,0.031305198,664.0065308,0.020809103,664.0065308,0.009319131,664.0065308,0.0009479424916,664.0065308,0.057763383
662.0043335,-0.000232911,662.0043335,0.027733985,662.0043335,0.04899244,662.0043335,0.058097042,662.0124512,0.056469209,662.0124512,0.062722027,662.0043335,0.05516813,662.0043335,0.053583227,662.0043335,0.039716028,662.0043335,0.031472433,662.0043335,0.018809862,662.0043335,0.011057,662.0043335,0.0007782855537,662.0043335,0.053304315
660.0009766,-0.000167139,660.0009766,0.026040325,660.0009766,0.04811734,660.0009766,0.058596503,660.0092773,0.05939056,660.0092773,0.064326584,660.0009766,0.053898185,660.0009766,0.052771352,660.0009766,0.040462323,660.0009766,0.031116139,660.0009766,0.020052234,660.0009766,0.010918333,660.0009766,0.00131669,660.0009766,0.053377401
657.9963989,-0.000106999,657.9963989,0.028019335,657.9963989,0.046602234,657.9963989,0.056545276,658.0050049,0.056415532,658.0050049,0.059852023,657.9963989,0.054010734,657.9963989,0.051107645,657.9963989,0.038537141,657.9963989,0.030650789,657.9963989,0.019556634,657.9963989,0.011153984,657.9963989,0.001901755,657.9963989,0.050924003
655.9906616,0.0008380638319,655.9906616,0.025918774,655.9906616,0.047160167,655.9906616,0.058191035,655.9994507,0.05620721,655.9994507,0.059638098,655.9906616,0.054017801,655.9906616,0.052406155,655.9906616,0.040459368,655.9906616,0.032026269,655.9906616,0.021065917,655.9906616,0.010620892,655.9906616,0.003129003,655.9906616,0.048522536
653.9837036,-0.000847301,653.9837036,0.025559813,653.9837036,0.044355683,653.9837036,0.05601548,653.9927979,0.054370921,653.9927979,0.059495933,653.9837036,0.049585603,653.9837036,0.04865209,653.9837036,0.036851738,653.9837036,0.029357774,653.9837036,0.017586563,653.9837036,0.009162934,653.9837036,0.001262246,653.9837036,0.047520891
652.012085,0.0006318181404,652.012085,0.025226362,652.012085,0.043429416,652.012085,0.055556543,651.9848633,0.05348115,651.9848633,0.059917808,652.012085,0.049494848,652.012085,0.048860498,652.012085,0.037190489,652.012085,0.029626595,652.012085,0.018415648,652.012085,0.010457094,652.012085,0.003048001,652.012085,0.046426162
650.0027466,-0.000551435,650.0027466,0.021253612,650.0027466,0.040717836,650.0027466,0.052274279,650.0122681,0.049788941,650.0122681,0.057043929,650.0027466,0.044969846,650.0027466,0.046558749,650.0027466,0.034643948,650.0027466,0.02775537,650.0027466,0.017827423,650.0027466,0.007875968,650.0027466,0.0008146702312,650.0027466,0.0407749
647.9922485,0.001435806,647.9922485,0.024443056,647.9922485,0.042408094,647.9922485,0.053296968,648.0020752,0.049728155,648.0020752,0.053603753,647.9922485,0.047636855,647.9922485,0.047587983,647.9922485,0.035221692,647.9922485,0.027388548,647.9922485,0.018282523,647.9922485,0.011286376,647.9922485,0.002299002,647.9922485,0.045108594
646.0172119,0.0005530173657,646.0172119,0.02037932,646.0172119,0.039907929,646.0172119,0.050566636,645.9906616,0.051588807,645.9906616,0.054253642,646.0172119,0.045331914,646.0172119,0.045380738,646.0172119,0.033379231,646.0172119,0.026185913,646.0172119,0.016363284,646.0172119,0.009385572,646.0172119,0.00196408,646.0172119,0.040309742
644.0043335,-0.000286411,644.0043335,0.020263737,644.0043335,0.037709262,644.0043335,0.047434811,644.0145874,0.047047734,644.0145874,0.051121067,644.0043335,0.042077169,644.0043335,0.043617267,644.0043335,0.031389698,644.0043335,0.02503505,644.0043335,0.014840468,644.0043335,0.008245741,644.0043335,0.001560878,644.0043335,0.037027184
641.9902954,-0.001138215,641.9902954,0.018843303,641.9902954,0.037227008,641.9902954,0.047618024,642.0008545,0.045463596,642.0008545,0.049310405,641.9902954,0.040523417,641.9902954,0.042202901,641.9902954,0.032616839,641.9902954,0.025029318,641.9902954,0.016057687,641.9902954,0.008191529,641.9902954,0.001644981,641.9902954,0.036723461
640.0118408,-4.85E-05,640.0118408,0.021315459,640.0118408,0.035690341,640.0118408,0.045938339,639.9859619,0.04310846,639.9859619,0.049041614,640.0118408,0.040604074,640.0118408,0.042387944,640.0118408,0.032310802,640.0118408,0.025510589,640.0118408,0.015092677,640.0118408,0.010768592,640.0118408,0.002991046,640.0118408,0.03623715
637.9954224,0.0008174970862,637.9954224,0.017830228,637.9954224,0.033234563,637.9954224,0.044898219,638.0065308,0.043531444,638.0065308,0.048323493,637.9954224,0.038713891,637.9954224,0.04146919,637.9954224,0.028305398,637.9954224,0.021369867,637.9954224,0.014222209,637.9954224,0.00802337,637.9954224,0.002055127,637.9954224,0.034465257
636.0146484,0.001362001,636.0146484,0.018385833,636.0146484,0.034265101,636.0146484,0.043249417,635.9892578,0.042852364,635.9892578,0.045768056,636.0146484,0.039572582,636.0146484,0.040217835,636.0146484,0.028383236,636.0146484,0.023632078,636.0146484,0.015426455,636.0146484,0.007943427,636.0146484,0.001486714,636.0146484,0.032410279
633.9960327,-0.001068087,633.9960327,0.018109333,633.9960327,0.03234173,633.9960327,0.043547813,634.0075684,0.038822632,634.0075684,0.043076817,633.9960327,0.038987521,633.9960327,0.040987726,633.9960327,0.029480763,633.9960327,0.022633582,633.9960327,0.01476684,633.9960327,0.007756101,633.9960327,0.003201075,633.9960327,0.031219434
632.0130005,-5.13E-05,632.0130005,0.016815316,632.0130005,0.03146372,632.0130005,0.041272696,631.9880371,0.039568529,631.9880371,0.041861616,632.0130005,0.035006147,632.0130005,0.038453784,632.0130005,0.027134722,632.0130005,0.021812037,632.0130005,0.013855493,632.0130005,0.00726051,632.0130005,0.002416825,632.0130005,0.030388189
629.9920654,-0.001454218,629.9920654,0.014842531,629.9920654,0.030021524,629.9920654,0.038097486,630.0040894,0.038005143,630.0040894,0.04147651,629.9920654,0.032934122,629.9920654,0.03520732,629.9920654,0.025235854,629.9920654,0.019377712,629.9920654,0.012114824,629.9920654,0.005185219,629.9920654,0.001288104,629.9920654,0.027182285
628.0067139,-0.00077511,628.0067139,0.015738104,628.0067139,0.027552545,628.0067139,0.038188491,627.9822388,0.037706241,627.9822388,0.039294135,628.0067139,0.033271536,628.0067139,0.035341863,628.0067139,0.025809646,628.0067139,0.019502509,628.0067139,0.011811561,628.0067139,0.006248043,628.0067139,0.001178347,628.0067139,0.02702727
625.9836426,-0.001366955,625.9836426,0.014057823,625.9836426,0.026719999,625.9836426,0.037360966,625.9961548,0.037264746,625.9961548,0.038494993,625.9836426,0.03054763,625.9836426,0.034334935,625.9836426,0.022860289,625.9836426,0.017778151,625.9836426,0.01156593,625.9836426,0.005564454,625.9836426,-0.000304312,625.9836426,0.024783827
623.9960938,0.0009033496026,623.9960938,0.014755432,623.9960938,0.026610365,623.9960938,0.037057601,624.0088501,0.03616681,624.0088501,0.038606394,623.9960938,0.030763863,623.9960938,0.033638526,623.9960938,0.024605149,623.9960938,0.018203612,623.9960938,0.012158613,623.9960938,0.005745146,623.9960938,0.001867047,623.9960938,0.024504375
622.0075073,-0.000657265,622.0075073,0.012786281,622.0075073,0.023940483,622.0075073,0.035971209,621.9837036,0.034011364,621.9837036,0.035068501,622.0075073,0.029044641,622.0075073,0.032445759,622.0075073,0.022396173,622.0075073,0.01796926,622.0075073,0.011445731,622.0075073,0.00596239,622.0075073,0.001106143,622.0075073,0.023640141
620.0177612,-0.001121432,620.0177612,0.014009831,620.0177612,0.02464438,620.0177612,0.034166399,619.9942017,0.032483529,619.9942017,0.034094658,620.0177612,0.029925726,620.0177612,0.032362588,620.0177612,0.021433011,620.0177612,0.018520962,620.0177612,0.012488731,620.0177612,0.005477963,620.0177612,0.001840686,620.0177612,0.02145474
617.9901123,1.23477821E-005,617.9901123,0.012634669,617.9901123,0.021992782,617.9901123,0.034265548,618.0036011,0.031011509,618.0036011,0.034307428,617.9901123,0.027118217,617.9901123,0.029933019,617.9901123,0.021083308,617.9901123,0.017267093,617.9901123,0.011227321,617.9901123,0.006462912,617.9901123,0.001559865,617.9901123,0.02164516
615.9981689,-0.000234308,615.9981689,0.011953095,615.9981689,0.022359461,615.9981689,0.032905307,616.0120239,0.031845033,616.0120239,0.033822302,615.9981689,0.026222099,615.9981689,0.029363895,615.9981689,0.019293919,615.9981689,0.016339684,615.9981689,0.009076544,615.9981689,0.004967604,615.9981689,0.00234772,615.9981689,0.021189189
614.005249,0.0002468928869,614.005249,0.011547879,614.005249,0.021752158,614.005249,0.031507667,613.9823608,0.028803037,613.9823608,0.029483948,614.005249,0.02711447,614.005249,0.030288786,614.005249,0.019292107,614.005249,0.015956888,614.005249,0.010323072,614.005249,0.006097541,614.005249,0.00315977,614.005249,0.020641308
612.0111694,-0.000118904,612.0111694,0.012047538,612.0111694,0.021600649,612.0111694,0.030607928,611.9885254,0.028340075,611.9885254,0.030132215,612.0111694,0.025775995,612.0111694,0.028912755,612.0111694,0.019504188,612.0111694,0.015443916,612.0111694,0.01069008,612.0111694,0.005578246,612.0111694,0.001430274,612.0111694,0.019830374
610.0160522,0.0008283639327,610.0160522,0.011012764,610.0160522,0.021250295,610.0160522,0.030844674,609.9936523,0.027298842,609.9936523,0.027054131,610.0160522,0.025433099,610.0160522,0.028197216,610.0160522,0.018524798,610.0160522,0.014966782,610.0160522,0.010673312,610.0160522,0.006005327,610.0160522,0.003131167,610.0160522,0.018776102
607.9828491,0.001438429,607.9828491,0.010792528,607.9828491,0.021035077,607.9828491,0.029729368,607.9976196,0.025247129,607.9976196,0.027033221,607.9828491,0.023143163,607.9828491,0.027114222,607.9828491,0.017925501,607.9828491,0.014789471,607.9828491,0.010786133,607.9828491,0.005902821,607.9828491,0.003401579,607.9828491,0.017562464
605.9855347,0.0001817057346,605.9855347,0.009122407,605.9855347,0.017909639,605.9855347,0.027902031,606.0005493,0.023748836,606.0005493,0.025557645,605.9855347,0.021363394,605.9855347,0.026119106,605.9855347,0.01764684,605.9855347,0.01385413,605.9855347,0.008215903,605.9855347,0.005216421,605.9855347,0.002440279,605.9855347,0.016741568
603.9872437,0.0004494835157,603.9872437,0.00899913,603.9872437,0.018180884,603.9872437,0.026487717,604.0025024,0.023683796,604.0025024,0.024389386,603.9872437,0.021639528,603.9872437,0.024341827,603.9872437,0.016457884,603.9872437,0.012415954,603.9872437,0.009423532,603.9872437,0.004017075,603.9872437,0.002425077,603.9872437,0.016437935
601.987793,-0.00018163,601.987793,0.00863463,601.987793,0.015518357,601.987793,0.025515668,602.0033569,0.022765648,602.0033569,0.023914142,601.987793,0.019737665,601.987793,0.024707289,601.987793,0.014496969,601.987793,0.012260184,601.987793,0.008057598,601.987793,0.00392141,601.987793,0.002089382,601.987793,0.014852415
599.9873047,0.001447727,599.9873047,0.008204323,599.9873047,0.015116959,599.9873047,0.025044402,600.0031128,0.022923132,600.0031128,0.023608735,599.9873047,0.018324994,599.9873047,0.023702385,599.9873047,0.015354042,599.9873047,0.011990987,599.9873047,0.008176731,599.9873047,0.004000981,599.9873047,0.003142379,599.9873047,0.015057622
597.9858398,8.773640729E-005,597.9858398,0.007976357,597.9858398,0.015994057,597.9858398,0.025032528,598.0018311,0.020811277,598.0018311,0.021152388,597.9858398,0.018738803,597.9858398,0.0224867,597.9858398,0.014413846,597.9858398,0.011149017,597.9858398,0.008372842,597.9858398,0.003488648,597.9858398,0.002097602,597.9858398,0.013562978
595.9832153,0.0006778350798,595.9832153,0.008280593,595.9832153,0.01504055,595.9832153,0.024986049,595.9995117,0.021045728,595.9995117,0.020830829,595.9832153,0.01755392,595.9832153,0.022494769,595.9832153,0.013215924,595.9832153,0.011987021,595.9832153,0.008213371,595.9832153,0.005018901,595.9832153,0.002555433,595.9832153,0.012910559
594.0167236,-0.000827407,594.0167236,0.006716425,594.0167236,0.014052155,594.0167236,0.022521405,593.9960938,0.019356059,593.9960938,0.018647566,594.0167236,0.015605395,594.0167236,0.020253023,594.0167236,0.012484175,594.0167236,0.010426627,594.0167236,0.00603643,594.0167236,0.004037036,594.0167236,0.002908402,594.0167236,0.011401908
592.0120239,0.0009458411951,592.0120239,0.007190761,592.0120239,0.014702945,592.0120239,0.023496907,591.9916992,0.019985225,591.9916992,0.018957779,592.0120239,0.015542905,592.0120239,0.021212321,592.0120239,0.01327106,592.0120239,0.011304522,592.0120239,0.007513173,592.0120239,0.005028878,592.0120239,0.002796254,592.0120239,0.012219712
590.0063477,0.0007206675946,590.0063477,0.007406597,590.0063477,0.012534476,590.0063477,0.021391023,589.9862061,0.018481039,589.9862061,0.017867181,590.0063477,0.014790998,590.0063477,0.020710373,590.0063477,0.011762435,590.0063477,0.010663417,590.0063477,0.008001616,590.0063477,0.004736699,590.0063477,0.002303998,590.0063477,0.011461439
587.9996338,-0.001238016,587.9996338,0.006063624,587.9996338,0.011387584,587.9996338,0.020911658,588.0169067,0.017690919,588.0169067,0.015624983,587.9996338,0.014134459,587.9996338,0.018826433,587.9996338,0.011563723,587.9996338,0.009522322,587.9996338,0.007343749,587.9996338,0.003377864,587.9996338,0.00131425,587.9996338,0.010621874
585.9918213,0.001041605,585.9918213,0.005974699,585.9918213,0.012219659,585.9918213,0.019702123,586.0093384,0.018154027,586.0093384,0.016917875,585.9918213,0.014896507,585.9918213,0.019348696,585.9918213,0.010727384,585.9918213,0.008491269,585.9918213,0.005286037,585.9918213,0.003440924,585.9918213,0.002297518,585.9918213,0.010196988
583.9830933,-0.00080653,583.9830933,0.005505018,583.9830933,0.01095279,583.9830933,0.019968068,584.0008545,0.014939561,584.0008545,0.014425058,583.9830933,0.012269503,583.9830933,0.018476607,583.9830933,0.010247952,583.9830933,0.007850163,583.9830933,0.00668459,583.9830933,0.004524801,583.9830933,0.003818193,583.9830933,0.010224444
582.010437,-6.46E-05,582.010437,0.005979738,582.010437,0.010890037,582.010437,0.019450773,581.9912109,0.014964397,581.9912109,0.014263751,582.010437,0.011769722,582.010437,0.018065641,582.010437,0.010408438,582.010437,0.008543539,582.010437,0.005561439,582.010437,0.00363804,582.010437,0.002180742,582.010437,0.009459643
579.9996338,0.0006316366489,579.9996338,0.004863536,579.9996338,0.011222406,579.9996338,0.01909974,580.0178833,0.014386793,580.0178833,0.012342149,579.9996338,0.01155745,579.9996338,0.01714614,579.9996338,0.010069696,579.9996338,0.008550772,579.9996338,0.005997059,579.9996338,0.005717919,579.9996338,0.003222563,579.9996338,0.009695112
577.987854,-0.000302605,577.987854,0.005484622,577.987854,0.009816734,577.987854,0.017916329,578.0062866,0.012858694,578.0062866,0.012276267,577.987854,0.010341178,577.987854,0.016953968,577.987854,0.008581636,577.987854,0.007888014,577.987854,0.005631687,577.987854,0.003063642,577.987854,0.002269206,577.987854,0.008884077
576.0122681,-0.000415064,576.0122681,0.0037138,576.0122681,0.008596634,576.0122681,0.016142333,575.9937134,0.013768431,575.9937134,0.011909513,576.0122681,0.010367741,576.0122681,0.016130781,576.0122681,0.00809378,576.0122681,0.005898832,576.0122681,0.005884453,576.0122681,0.003417937,576.0122681,0.001616061,576.0122681,0.007132628
573.9984131,-0.001121277,573.9984131,0.00419749,573.9984131,0.009050006,573.9984131,0.017158177,574.017334,0.013835904,574.017334,0.011163067,573.9984131,0.009131052,573.9984131,0.015743177,573.9984131,0.008056806,573.9984131,0.006054725,573.9984131,0.005604336,573.9984131,0.003512943,573.9984131,0.002348423,573.9984131,0.007494816
571.9835815,-0.000649718,571.9835815,0.004475419,571.9835815,0.007458762,571.9835815,0.016365273,572.0027466,0.011001401,572.0027466,0.009444616,571.9835815,0.008739632,571.9835815,0.015260834,571.9835815,0.007573911,571.9835815,0.005464568,571.9835815,0.004096899,571.9835815,0.003332238,571.9835815,0.002625145,571.9835815,0.00715318
570.0050049,0.0001893453591,570.0050049,0.004161213,570.0050049,0.007888831,570.0050049,0.015579662,569.9871216,0.011236326,569.9871216,0.010377523,570.0050049,0.008445553,570.0050049,0.014994032,570.0050049,0.008081094,570.0050049,0.006358301,570.0050049,0.005720254,570.0050049,0.002862539,570.0050049,0.002288566,570.0050049,0.007193288
567.9882202,0.0006317144143,567.9882202,0.00334249,567.9882202,0.008148402,567.9882202,0.01589161,568.0078735,0.012140458,568.0078735,0.009481179,567.9882202,0.007228345,567.9882202,0.014758726,567.9882202,0.006723681,567.9882202,0.006333925,567.9882202,0.004609427,567.9882202,0.00326244,567.9882202,0.003109448,567.9882202,0.006962117
566.0077515,-0.000152597,566.0077515,0.003278193,566.0077515,0.006990921,566.0077515,0.015141323,565.9903564,0.011369992,565.9903564,0.009432049,566.0077515,0.006160471,566.0077515,0.013791491,566.0077515,0.006952752,566.0077515,0.005444882,566.0077515,0.004219002,566.0077515,0.002684344,566.0077515,0.002357558,566.0077515,0.006322421
563.9888916,0.0002740376513,563.9888916,0.003361037,563.9888916,0.006009684,563.9888916,0.014965763,564.0090942,0.010951356,564.0090942,0.009043345,563.9888916,0.006402879,563.9888916,0.013160021,563.9888916,0.006209283,563.9888916,0.005006803,563.9888916,0.005029507,563.9888916,0.002267801,563.9888916,0.003178284,563.9888916,0.00588587
562.0065308,-0.000275495,562.0065308,0.004057416,562.0065308,0.007367681,562.0065308,0.015954068,561.989563,0.011109101,561.989563,0.009422156,562.0065308,0.00691677,562.0065308,0.01393017,562.0065308,0.007907073,562.0065308,0.005738457,562.0065308,0.005168035,562.0065308,0.003687771,562.0065308,0.004266236,562.0065308,0.006774818
559.9857178,0.0004586567229,559.9857178,0.002902799,559.9857178,0.004877253,559.9857178,0.014287988,560.0064087,0.01142718,560.0064087,0.008307532,559.9857178,0.005302073,559.9857178,0.012047963,559.9857178,0.005323142,559.9857178,0.004613561,559.9857178,0.003964067,559.9857178,0.002528458,559.9857178,0.001699395,559.9857178,0.004869008
558.0014038,0.0005090869963,558.0014038,0.002560277,558.0014038,0.006209126,558.0014038,0.013227933,557.9848633,0.009575244,557.9848633,0.007054507,558.0014038,0.00610833,558.0014038,0.012276373,558.0014038,0.006212618,558.0014038,0.005184591,558.0014038,0.004743895,558.0014038,0.003047036,558.0014038,0.002735607,558.0014038,0.005662606
556.0161133,-0.000663416,556.0161133,0.00284469,556.0161133,0.004847778,556.0161133,0.013986974,555.9998169,0.008856204,555.9998169,0.007374974,556.0161133,0.004837124,556.0161133,0.012231614,556.0161133,0.005011909,556.0161133,0.004589989,556.0161133,0.004343858,556.0161133,0.002408131,556.0161133,0.002788491,556.0161133,0.004904113
553.9924927,-5.28E-05,553.9924927,0.002754649,553.9924927,0.005356031,553.9924927,0.013370142,554.013855,0.009332937,554.013855,0.006645239,553.9924927,0.00491003,553.9924927,0.012369928,553.9924927,0.004954565,553.9924927,0.004946762,553.9924927,0.004658458,553.9924927,0.003720353,553.9924927,0.003545147,553.9924927,0.004999811
552.0053101,-0.000192187,552.0053101,0.002072943,552.0053101,0.005412013,552.0053101,0.01341817,551.989502,0.009357323,551.989502,0.005804195,552.0053101,0.004548421,552.0053101,0.011719962,552.0053101,0.00488262,552.0053101,0.005291671,552.0053101,0.005008479,552.0053101,0.002231528,552.0053101,0.002924324,552.0053101,0.0047317
550.0172119,-0.000270631,550.0172119,0.00179951,550.0172119,0.003626398,550.0172119,0.012303641,550.0016479,0.008468965,550.0016479,0.006197257,550.0172119,0.004200025,550.0172119,0.010935959,550.0172119,0.003898921,550.0172119,0.00426587,550.0172119,0.004171536,550.0172119,0.002056948,550.0172119,0.002513878,550.0172119,0.003658636
547.9906616,-0.000405858,547.9906616,0.002502578,547.9906616,0.004234162,547.9906616,0.012362124,548.0128784,0.00795748,548.0128784,0.005085578,547.9906616,0.003988363,547.9906616,0.011450861,547.9906616,0.00483982,547.9906616,0.004668584,547.9906616,0.003942333,547.9906616,0.002852924,547.9906616,0.002605196,547.9906616,0.004415321
546.0007324,-0.000317763,546.0007324,0.002565172,546.0007324,0.004616988,546.0007324,0.012621105,545.9855957,0.008095574,545.9855957,0.004850945,546.0007324,0.00492778,546.0007324,0.011236007,546.0007324,0.004430306,546.0007324,0.00338089,546.0007324,0.004383654,546.0007324,0.00304529,546.0007324,0.003144542,546.0007324,0.004400625
544.0098267,-0.000256299,544.0098267,0.001650334,544.0098267,0.002997848,544.0098267,0.012090788,543.9949341,0.00770079,543.9949341,0.005875479,544.0098267,0.003429547,544.0098267,0.010130396,544.0098267,0.004316693,544.0098267,0.004678998,544.0098267,0.003932773,544.0098267,0.002902903,544.0098267,0.002931127,544.0098267,0.003557387
542.0180054,-0.000613168,542.0180054,0.001365169,542.0180054,0.003632558,542.0180054,0.01199394,542.0032959,0.008192716,542.0032959,0.004906941,542.0180054,0.002714716,542.0180054,0.009719518,542.0180054,0.003285678,542.0180054,0.003878104,542.0180054,0.003998055,542.0180054,0.002405476,542.0180054,0.002760876,542.0180054,0.002907881
539.9876709,0.0008760876372,539.9876709,0.002355762,539.9876709,0.004378843,539.9876709,0.011986889,540.0108643,0.007724031,540.0108643,0.004926105,539.9876709,0.003006111,539.9876709,0.010963515,539.9876709,0.004182095,539.9876709,0.0049005,539.9876709,0.004429442,539.9876709,0.002678328,539.9876709,0.003351385,539.9876709,0.00316243
537.9940186,-8.39E-05,537.9940186,0.00145713,537.9940186,0.003471321,537.9940186,0.012582624,538.017334,0.007991386,538.017334,0.005057005,537.9940186,0.002854826,537.9940186,0.010197518,537.9940186,0.004032307,537.9940186,0.004483291,537.9940186,0.004661781,537.9940186,0.002498074,537.9940186,0.003074435,537.9940186,0.003502974
535.9994507,-0.000139141,535.9994507,0.001695835,535.9994507,0.004003045,535.9994507,0.011230456,535.9854126,0.00723174,535.9854126,0.004398585,535.9994507,0.002928703,535.9994507,0.010351516,535.9994507,0.003709283,535.9994507,0.003412667,535.9994507,0.003832191,535.9994507,0.002127151,535.9994507,0.002812512,535.9994507,0.002824836
534.0039063,-0.000317453,534.0039063,0.001984337,534.0039063,0.003637884,534.0039063,0.012499761,533.9901733,0.007582183,533.9901733,0.003894089,534.0039063,0.003538466,534.0039063,0.009893155,534.0039063,0.004180658,534.0039063,0.004007852,534.0039063,0.004345452,534.0039063,0.003268986,534.0039063,0.003383525,534.0039063,0.003224389
532.0075684,-0.000206883,532.0075684,0.00179951,532.0075684,0.003042162,532.0075684,0.011614396,531.9940186,0.007450599,531.9940186,0.004002078,532.0075684,0.003238393,532.0075684,0.010409975,532.0075684,0.003598599,532.0075684,0.004644773,532.0075684,0.004933593,532.0075684,0.002876949,532.0075684,0.003255945,532.0075684,0.003288313
530.0103149,6.637669139E-005,530.0103149,0.001463831,530.0103149,0.00289816,530.0103149,0.011341773,529.9970093,0.00760244,529.9970093,0.004455882,530.0103149,0.002914995,530.0103149,0.009474987,530.0103149,0.003894689,530.0103149,0.004202116,530.0103149,0.004669761,530.0103149,0.003428347,530.0103149,0.003160683,530.0103149,0.002917783
528.012146,0.0001421631168,528.012146,0.001446403,528.012146,0.003241106,528.012146,0.010491858,527.9990845,0.007186813,527.9990845,0.004576856,528.012146,0.003110648,528.012146,0.010442377,528.012146,0.003234638,528.012146,0.004413438,528.012146,0.004676067,528.012146,0.002812329,528.012146,0.002964721,528.012146,0.002439394
526.0130615,-0.000721205,526.0130615,0.001975548,526.0130615,0.00314582,526.0130615,0.011709484,526.0001831,0.007574649,526.0001831,0.0039689,526.0130615,0.003349742,526.0130615,0.009968954,526.0130615,0.003283879,526.0130615,0.004472254,526.0130615,0.004141011,526.0130615,0.002688876,526.0130615,0.003124153,526.0130615,0.002541503
524.0131226,0.0001720981236,524.0131226,0.002497788,524.0131226,0.00346318,524.0131226,0.012561867,524.0004883,0.007519046,524.0004883,0.004576385,524.0131226,0.003956988,524.0131226,0.010606303,524.0131226,0.004352852,524.0131226,0.004527155,524.0131226,0.005754117,524.0131226,0.003075478,524.0131226,0.003454935,524.0131226,0.003333856
522.012207,-0.00075082,522.012207,0.001299996,522.012207,0.004143937,522.012207,0.012465394,521.9998169,0.007315922,521.9998169,0.004504608,522.012207,0.003738734,522.012207,0.010897337,522.012207,0.004138136,522.012207,0.004952627,522.012207,0.00499735,522.012207,0.003009265,522.012207,0.003104599,522.012207,0.002323386
520.010437,0.0001448820403,520.010437,0.001004994,520.010437,0.003544468,520.010437,0.011867664,519.998291,0.008804452,519.998291,0.005653768,520.010437,0.002833069,520.010437,0.009249448,520.010437,0.003538779,520.010437,0.0043551,520.010437,0.004639253,520.010437,0.002306028,520.010437,0.002832887,520.010437,0.00172016
518.0078735,0.0005344079691,518.0078735,0.0008756207535,518.0078735,0.003459867,518.0078735,0.012493873,517.9959717,0.008008129,517.9959717,0.004790141,518.0078735,0.004116916,518.0078735,0.010341125,518.0078735,0.004776243,518.0078735,0.004894715,518.0078735,0.005454974,518.0078735,0.003258293,518.0078735,0.00331544,518.0078735,0.002303686
516.0043945,-0.000876701,516.0043945,0.001830054,516.0043945,0.002912571,516.0043945,0.012142587,515.9926758,0.0088631,515.9926758,0.005255354,516.0043945,0.003740039,516.0043945,0.010707538,516.0043945,0.004775431,516.0043945,0.005054281,516.0043945,0.005656207,516.0043945,0.003927052,516.0043945,0.00334729,516.0043945,0.002008236
514.000061,0.0002585742332,514.000061,0.001154105,514.000061,0.003770589,514.000061,0.012701833,513.9885864,0.008359832,513.9885864,0.005728568,514.000061,0.00412405,514.000061,0.010693926,514.000061,0.003961194,514.000061,0.006153435,514.000061,0.005399012,514.000061,0.003082803,514.000061,0.003378777,514.000061,0.002882577
511.994812,-0.000347251,511.994812,0.001826908,511.994812,0.003405205,511.994812,0.012361751,511.9835205,0.008810712,511.9835205,0.005337162,511.994812,0.003189731,511.994812,0.011179668,511.994812,0.004098859,511.994812,0.005113891,511.994812,0.005163948,511.994812,0.002768509,511.994812,0.001937583,511.994812,0.001094802
509.9887085,0.0003493939876,509.9887085,0.001783135,509.9887085,0.004532962,509.9887085,0.01293864,510.0155334,0.0092229,510.0155334,0.007037853,509.9887085,0.004329033,509.9887085,0.010626224,509.9887085,0.005715217,509.9887085,0.006471109,509.9887085,0.006088641,509.9887085,0.004088981,509.9887085,0.003564721,509.9887085,0.002541295
507.9817505,0.001828052,507.9817505,0.002432366,507.9817505,0.005298143,507.9817505,0.013843868,508.0088196,0.008647727,508.0088196,0.006797115,507.9817505,0.005944702,507.9817505,0.01236026,507.9817505,0.006787886,507.9817505,0.00738706,507.9817505,0.007590507,507.9817505,0.004382033,507.9817505,0.003941341,507.9817505,0.002318103
506.0118408,-4.82E-05,506.0118408,0.002294916,506.0118408,0.005078559,506.0118408,0.014032235,506.0012512,0.010371903,506.0012512,0.008044123,506.0118408,0.006149339,506.0118408,0.012887466,506.0118408,0.006480095,506.0118408,0.0067836,506.0118408,0.006781286,506.0118408,0.004562233,506.0118408,0.004694384,506.0118408,0.002557386
504.0031433,0.0007226641173,504.0031433,0.002996676,504.0031433,0.005024898,504.0031433,0.013365684,503.9927979,0.010018461,503.9927979,0.007288149,504.0031433,0.006087985,504.0031433,0.012617587,504.0031433,0.00596092,504.0031433,0.007409441,504.0031433,0.007681819,504.0031433,0.004202456,504.0031433,0.002957084,504.0031433,0.001984831
501.9936218,0.0008171599475,501.9936218,0.001956617,501.9936218,0.005884663,501.9936218,0.014853192,501.98349,0.010442562,501.98349,0.008259934,501.9936218,0.007213237,501.9936218,0.013087771,501.9936218,0.007068741,501.9936218,0.007307577,501.9936218,0.007228398,501.9936218,0.003611572,501.9936218,0.003856609,501.9936218,0.001325986
499.9832764,0.0002358075144,499.9832764,0.003575135,499.9832764,0.006444678,499.9832764,0.016287757,500.0113525,0.011634603,500.0113525,0.010072399,499.9832764,0.008904343,499.9832764,0.013495441,499.9832764,0.008491455,499.9832764,0.008508244,499.9832764,0.008398309,499.9832764,0.005264158,499.9832764,0.003980917,499.9832764,0.00302295
498.0100708,-0.000326558,498.0100708,0.001295426,498.0100708,0.006180715,498.0100708,0.016150232,498.0003967,0.012763089,498.0003967,0.011166706,498.0100708,0.00798287,498.0100708,0.013659215,498.0100708,0.008292756,498.0100708,0.007944772,498.0100708,0.007681398,498.0100708,0.004576307,498.0100708,0.002322111,498.0100708,0.001979474
495.9979858,-9.83E-05,495.9979858,0.001888937,495.9979858,0.007181892,495.9979858,0.016729945,495.9885559,0.014066406,495.9885559,0.011119458,495.9979858,0.00915376,495.9979858,0.01536088,495.9979858,0.008402188,495.9979858,0.009192731,495.9979858,0.008144155,495.9979858,0.003934523,495.9979858,0.002522157,495.9979858,0.001344292
493.9851074,-0.00018401,493.9851074,0.002499506,493.9851074,0.007110209,493.9851074,0.017423699,494.013855,0.015080616,494.013855,0.014011515,493.9851074,0.01056015,493.9851074,0.015845025,493.9851074,0.009657208,493.9851074,0.0100591,493.9851074,0.009388138,493.9851074,0.00546331,493.9851074,0.003362968,493.9851074,0.00166317
492.0093689,0.0004666899331,492.0093689,0.003348046,492.0093689,0.008207594,492.0093689,0.01912763,492.0003967,0.016067356,492.0003967,0.014625645,492.0093689,0.011031961,492.0093689,0.016602499,492.0093689,0.010725209,492.0093689,0.010287074,492.0093689,0.009108238,492.0093689,0.005426088,492.0093689,0.003709544,492.0093689,0.001817238
489.994873,0.0002076810051,489.994873,0.003336647,489.994873,0.009491074,489.994873,0.019739479,489.986145,0.016308049,489.986145,0.01550438,489.994873,0.012914399,489.994873,0.018515101,489.994873,0.011334758,489.994873,0.011369754,489.994873,0.010540789,489.994873,0.005905707,489.994873,0.004361036,489.994873,0.002246646
488.0175171,-0.000211747,488.0175171,0.003498381,488.0175171,0.0097084,488.0175171,0.020663733,488.0090027,0.018103531,488.0090027,0.016854739,488.0175171,0.013642439,488.0175171,0.018949179,488.0175171,0.012556405,488.0175171,0.011919037,488.0175171,0.010254128,488.0175171,0.005813351,488.0175171,0.003655608,488.0175171,0.001604967
486.0013428,0.0002724057995,486.0013428,0.004381326,486.0013428,0.010766071,486.0013428,0.022166412,485.9930725,0.019549729,485.9930725,0.01947779,486.0013428,0.015544622,486.0013428,0.020709695,486.0013428,0.013738372,486.0013428,0.013360158,486.0013428,0.010976896,486.0013428,0.006087092,486.0013428,0.004025096,486.0013428,0.001577687
483.9843445,0.000521968,483.9843445,0.004599878,483.9843445,0.012029361,483.9843445,0.023241056,484.0144043,0.020954469,484.0144043,0.021156302,483.9843445,0.017361082,483.9843445,0.021533782,483.9843445,0.014879551,483.9843445,0.013951447,483.9843445,0.011725334,483.9843445,0.006612568,483.9843445,0.003535151,483.9843445,0.002011799
482.0046387,0.0001971145975,482.0046387,0.004486404,482.0046387,0.01296587,482.0046387,0.02427021,481.9967957,0.022236075,481.9967957,0.02284351,482.0046387,0.018385591,482.0046387,0.023882771,482.0046387,0.016521851,482.0046387,0.014573067,482.0046387,0.012428286,482.0046387,0.006387984,482.0046387,0.003319796,482.0046387,0.001911947
479.9860229,-0.000549522,479.9860229,0.004547035,479.9860229,0.013576439,479.9860229,0.025660943,480.0164795,0.024362635,480.0164795,0.02532563,479.9860229,0.02014661,479.9860229,0.025232479,479.9860229,0.017121179,479.9860229,0.015634241,479.9860229,0.01224884,479.9860229,0.006831299,479.9860229,0.003406771,479.9860229,0.001348498
478.0046692,-0.000169572,478.0046692,0.004666072,478.0046692,0.014747505,478.0046692,0.027701732,477.9972839,0.02675386,477.9972839,0.028027095,478.0046692,0.022151757,478.0046692,0.027450781,478.0046692,0.019634411,478.0046692,0.017205844,478.0046692,0.013964786,478.0046692,0.007014386,478.0046692,0.00311959,478.0046692,0.001560618
475.9845276,-6.16E-06,475.9845276,0.006548889,475.9845276,0.016675849,475.9845276,0.029110653,476.0154724,0.029182851,476.0154724,0.031535253,475.9845276,0.025771901,475.9845276,0.030090544,475.9845276,0.022225775,475.9845276,0.018607685,475.9845276,0.015014477,475.9845276,0.00859027,475.9845276,0.003635926,475.9845276,0.001760236
474.0016174,0.0002190764208,474.0016174,0.006725417,474.0016174,0.017993568,474.0016174,0.031657688,473.9946899,0.030830471,473.9946899,0.033627924,474.0016174,0.027973559,474.0016174,0.031537257,474.0016174,0.023657361,474.0016174,0.020054944,474.0016174,0.016174601,474.0016174,0.00887845,474.0016174,0.003472313,474.0016174,0.001242646
472.0179138,3.046885286E-005,472.0179138,0.006428126,472.0179138,0.020327045,472.0179138,0.033472076,472.0112305,0.034586113,472.0112305,0.037952427,472.0179138,0.030313684,472.0179138,0.034519851,472.0179138,0.025945153,472.0179138,0.022515217,472.0179138,0.01677501,472.0179138,0.008381472,472.0179138,0.002893808,472.0179138,0.001070357
469.9953613,0.000136518,469.9953613,0.007837721,469.9953613,0.022167284,469.9953613,0.036284935,469.9888916,0.037978444,469.9888916,0.041802242,469.9953613,0.034151837,469.9953613,0.037194241,469.9953613,0.028622726,469.9953613,0.023413792,469.9953613,0.018121503,469.9953613,0.010046912,469.9953613,0.003381699,469.9953613,0.002128582
468.0101013,-0.00025097,468.0101013,0.008722781,468.0101013,0.024117548,468.0101013,0.039167315,468.0038757,0.040203724,468.0038757,0.045014061,468.0101013,0.036749095,468.0101013,0.039245427,468.0101013,0.030619927,468.0101013,0.025475644,468.0101013,0.018960455,468.0101013,0.009879041,468.0101013,0.00287059,468.0101013,0.001820514
465.9859314,0.0002883100533,465.9859314,0.010329566,465.9859314,0.026726879,465.9859314,0.042375416,466.0181885,0.04308505,466.0181885,0.049080189,465.9859314,0.041104436,465.9859314,0.043603446,465.9859314,0.034258097,465.9859314,0.028316561,465.9859314,0.020933444,465.9859314,0.011139456,465.9859314,0.004155045,465.9859314,0.002137401
463.9992371,-6.84E-05,463.9992371,0.009980185,463.9992371,0.027657311,463.9992371,0.043593943,463.9934692,0.047629144,463.9934692,0.053961638,463.9992371,0.044281036,463.9992371,0.046402082,463.9992371,0.03583001,463.9992371,0.029191654,463.9992371,0.022113785,463.9992371,0.01093803,463.9992371,0.003119278,463.9992371,0.0005641626776
462.0117493,-0.000147007,462.0117493,0.010272231,462.0117493,0.030791983,462.0117493,0.047942761,462.0061951,0.051744122,462.0061951,0.059349783,462.0117493,0.047948342,462.0117493,0.049120478,462.0117493,0.038721617,462.0117493,0.032050654,462.0117493,0.023321461,462.0117493,0.011976245,462.0117493,0.002866969,462.0117493,0.0007114369655
459.9852295,-0.000138675,459.9852295,0.011841248,459.9852295,0.033522267,459.9852295,0.051930942,460.018158,0.055287212,460.018158,0.063942514,459.9852295,0.052799061,459.9852295,0.053443439,459.9852295,0.04272633,459.9852295,0.035229106,459.9852295,0.024698494,459.9852295,0.012628753,459.9852295,0.002703463,459.9852295,0.001168121
457.9962158,-0.000232704,457.9962158,0.012911466,457.9962158,0.035934486,457.9962158,0.054932173,457.9911194,0.059707798,457.9911194,0.069623999,457.9962158,0.05727445,457.9962158,0.058395069,457.9962158,0.046330795,457.9962158,0.037747577,457.9962158,0.026561875,457.9962158,0.013296096,457.9962158,0.003183212,457.9962158,0.001470246
456.0065002,0.001178036,456.0065002,0.014543247,456.0065002,0.040154684,456.0065002,0.060308564,456.0016174,0.065312795,456.0016174,0.075941369,456.0065002,0.062893249,456.0065002,0.06398043,456.0065002,0.051210824,456.0065002,0.041835248,456.0065002,0.029068885,456.0065002,0.015256195,456.0065002,0.00325931,456.0065002,0.002625067
454.0159607,0.0004038276093,454.0159607,0.015293251,454.0159607,0.043141395,454.0159607,0.063742787,454.011322,0.069449738,454.011322,0.083045132,454.0159607,0.068868905,454.0159607,0.06813319,454.0159607,0.054405101,454.0159607,0.043442976,454.0159607,0.031415548,454.0159607,0.015745003,454.0159607,0.003369933,454.0159607,0.001391605
451.9863892,0.0008611474768,451.9863892,0.016633485,451.9863892,0.047456149,451.9863892,0.068178497,451.9819641,0.074722245,451.9819641,0.088426478,451.9863892,0.074577615,451.9863892,0.073944181,451.9863892,0.06008793,451.9863892,0.047498021,451.9863892,0.033172701,451.9863892,0.017133188,451.9863892,0.003432991,451.9863892,0.001711505
449.9943542,0.000522978,449.9943542,0.017806793,449.9943542,0.050612908,449.9943542,0.07277187,449.9901733,0.081764996,449.9901733,0.096872665,449.9943542,0.080200173,449.9943542,0.078195252,449.9943542,0.064258061,449.9943542,0.050966412,449.9943542,0.03593443,449.9943542,0.018102558,449.9943542,0.003713042,449.9943542,0.001842168
448.0016785,-0.000480437,448.0016785,0.019240448,448.0016785,0.054397412,448.0016785,0.077183217,447.9977112,0.086994611,447.9977112,0.103503719,448.0016785,0.086037397,448.0016785,0.084242716,448.0016785,0.068616167,448.0016785,0.054435879,448.0016785,0.037234005,448.0016785,0.018677697,448.0016785,0.002684136,448.0016785,0.001005487
446.0082092,-0.000164241,446.0082092,0.020256523,446.0082092,0.05852671,446.0082092,0.082691312,446.0044556,0.093137898,446.0044556,0.111827001,446.0082092,0.092981227,446.0082092,0.090858608,446.0082092,0.074056618,446.0082092,0.05836818,446.0082092,0.040316474,446.0082092,0.02006034,446.0082092,0.002568922,446.0082092,0.001384048
444.0140381,0.0004111602029,444.0140381,0.022364231,444.0140381,0.063435793,444.0140381,0.089557625,444.0105591,0.100623392,444.0105591,0.121026024,444.0140381,0.100486018,444.0140381,0.097174607,444.0140381,0.08098536,444.0140381,0.063096814,444.0140381,0.043137878,444.0140381,0.021835662,444.0140381,0.003375646,444.0140381,0.001693938
442.0191345,0.0002294879523,442.0191345,0.023687979,442.0191345,0.067568906,442.0191345,0.095387444,442.0158386,0.106929153,442.0158386,0.129375368,442.0191345,0.10829743,442.0191345,0.103486374,442.0191345,0.086223938,442.0191345,0.067029327,442.0191345,0.045993328,442.0191345,0.022906704,442.0191345,0.002952132,442.0191345,0.0009951345855
439.9851379,0.0001525469124,439.9851379,0.025920725,439.9851379,0.072090119,439.9851379,0.100598522,439.9820862,0.114605948,439.9820862,0.139923811,439.9851379,0.115783006,439.9851379,0.110630512,439.9851379,0.091436915,439.9851379,0.072126247,439.9851379,0.048553221,439.9851379,0.023901753,439.9851379,0.002266396,439.9851379,0.001041242
437.9887695,0.0003010545915,437.9887695,0.027816994,437.9887695,0.077745907,437.9887695,0.108025037,437.9859314,0.122025482,437.9859314,0.148031697,437.9887695,0.123868965,437.9887695,0.119044542,437.9887695,0.098680943,437.9887695,0.077164941,437.9887695,0.051885784,437.9887695,0.026257351,437.9887695,0.003565478,437.9887695,0.001760704
435.9916992,-0.00016952,435.9916992,0.028965771,435.9916992,0.082427785,435.9916992,0.114195436,435.9891052,0.130045578,435.9891052,0.158466935,435.9916992,0.132298276,435.9916992,0.125883594,435.9916992,0.103912957,435.9916992,0.081991605,435.9916992,0.054892398,435.9916992,0.028113969,435.9916992,0.002676947,435.9916992,0.001203915
433.993866,0.0001106507261,433.993866,0.030798737,433.993866,0.088361241,433.993866,0.120815001,433.9915161,0.138338745,433.9915161,0.168057665,433.993866,0.141309276,433.993866,0.133653179,433.993866,0.111861929,433.993866,0.086425439,433.993866,0.058123171,433.993866,0.029342208,433.993866,0.003081865,433.993866,0.001594496
431.9954224,-0.000285118,431.9954224,0.032846224,431.9954224,0.093036637,431.9954224,0.127941653,431.9932861,0.147328988,431.9932861,0.179840401,431.9954224,0.149477661,431.9954224,0.142045453,431.9954224,0.118424572,431.9954224,0.091958083,431.9954224,0.060725093,431.9954224,0.030305801,431.9954224,0.002449287,431.9954224,0.001494792
429.9961853,-0.000219147,429.9961853,0.034519598,429.9961853,0.099163227,429.9961853,0.13511321,429.9942932,0.155380189,429.9942932,0.189291924,429.9961853,0.158865646,429.9961853,0.150089786,429.9961853,0.125453651,429.9961853,0.096894957,429.9961853,0.063889824,429.9961853,0.032215472,429.9961853,0.002471311,429.9961853,0.001226395
427.9963379,7.561949315E-005,427.9963379,0.037073813,427.9963379,0.104609788,427.9963379,0.143011078,427.9946594,0.163939655,427.9946594,0.200146437,427.9963379,0.16856195,427.9963379,0.159719333,427.9963379,0.133154258,427.9963379,0.103441432,427.9963379,0.067561828,427.9963379,0.034023542,427.9963379,0.003203657,427.9963379,0.00091619
425.9957275,0.0004518156638,425.9957275,0.038713269,425.9957275,0.110308893,425.9957275,0.149992913,425.9942932,0.173161715,425.9942932,0.212263838,425.9957275,0.17726399,425.9957275,0.167635113,425.9957275,0.140050367,425.9957275,0.108668923,425.9957275,0.071508743,425.9957275,0.036390759,425.9957275,0.002765408,425.9957275,0.001589846
423.9944153,0.0005175875849,423.9944153,0.041522164,423.9944153,0.116881773,423.9944153,0.158087611,423.9931946,0.181652248,423.9931946,0.22237803,423.9944153,0.18812792,423.9944153,0.177175194,423.9944153,0.148520231,423.9944153,0.115108378,423.9944153,0.07523939,423.9944153,0.03827386,423.9944153,0.003071072,423.9944153,0.001857064
421.9924927,-0.000240052,421.9924927,0.042716905,421.9924927,0.122955024,421.9924927,0.165372282,421.9914856,0.191219866,421.9914856,0.234829024,421.9924927,0.197222933,421.9924927,0.185548976,421.9924927,0.155957356,421.9924927,0.120366782,421.9924927,0.078367949,421.9924927,0.039496906,421.9924927,0.002560902,421.9924927,0.00114336
419.9897766,0.0001619210234,419.9897766,0.045239173,419.9897766,0.128473014,419.9897766,0.172949836,419.9890137,0.200902939,419.9890137,0.246357486,419.9897766,0.206565484,419.9897766,0.194594115,419.9897766,0.162854388,419.9897766,0.126069009,419.9897766,0.082177326,419.9897766,0.041500803,419.9897766,0.002536816,419.9897766,0.001780639
417.9864807,0.0005522916326,417.9864807,0.047295634,417.9864807,0.134331569,417.9864807,0.178916484,417.9859314,0.209657505,417.9859314,0.25666067,417.9864807,0.215822339,417.9864807,0.202194035,417.9864807,0.169648781,417.9864807,0.132022336,417.9864807,0.08488185,417.9864807,0.043346629,417.9864807,0.003054805,417.9864807,0.001484376
415.9823914,-0.000150941,415.9823914,0.049411766,415.9823914,0.139686719,415.9823914,0.185846776,415.9820862,0.217363805,415.9820862,0.267391235,415.9823914,0.22462675,415.9823914,0.211366251,415.9823914,0.177414849,415.9823914,0.137659282,415.9823914,0.088580407,415.9823914,0.044469059,415.9823914,0.002373435,415.9823914,0.0009737820365
414.0162964,-0.000139555,414.0162964,0.050756119,414.0162964,0.14530018,414.0162964,0.19519043,414.0162048,0.225116894,414.0162048,0.277092606,414.0162964,0.234880716,414.0162964,0.219388261,414.0162964,0.18406634,414.0162964,0.142649144,414.0162964,0.092172086,414.0162964,0.047198344,414.0162964,0.00237471,414.0162964,0.001103418
412.0108643,-0.000195085,412.0108643,0.052538738,412.0108643,0.149776727,412.0108643,0.20062843,412.0109863,0.234047636,412.0109863,0.289397866,412.0108643,0.242036641,412.0108643,0.226484016,412.0108643,0.190543369,412.0108643,0.148349717,412.0108643,0.094668798,412.0108643,0.048210729,412.0108643,0.001774661,412.0108643,-3.14E-05
410.0048523,-0.000434253,410.0048523,0.054529876,410.0048523,0.155146882,410.0048523,0.207572952,410.0052185,0.241258338,410.0052185,0.297397673,410.0048523,0.251023799,410.0048523,0.23416391,410.0048523,0.19731842,410.0048523,0.152509317,410.0048523,0.098673277,410.0048523,0.050369907,410.0048523,0.002057546,410.0048523,0.001481389
407.9981079,0.0008909245953,407.9981079,0.056088079,407.9981079,0.160827756,407.9981079,0.213885963,407.9987183,0.247359783,407.9987183,0.307100952,407.9981079,0.259032756,407.9981079,0.240809128,407.9981079,0.203350917,407.9981079,0.157237008,407.9981079,0.10042426,407.9981079,0.052080046,407.9981079,0.002347304,407.9981079,0.001747942
405.9907837,0.0002804355463,405.9907837,0.058532931,405.9907837,0.164574757,405.9907837,0.218575686,405.9916077,0.255889982,405.9916077,0.314726025,405.9907837,0.266000569,405.9907837,0.247850686,405.9907837,0.208911285,405.9907837,0.161786631,405.9907837,0.103948079,405.9907837,0.053174011,405.9907837,0.003067579,405.9907837,0.001058653
403.9827271,8.082351269E-005,403.9827271,0.058564536,403.9827271,0.16929768,403.9827271,0.22496374,403.9837646,0.260540813,403.9837646,0.322356373,403.9827271,0.271511138,403.9827271,0.25313291,403.9827271,0.213698104,403.9827271,0.165139064,403.9827271,0.104950778,403.9827271,0.054366697,403.9827271,0.003233021,403.9827271,0.000739907
402.0126648,-0.000982555,402.0126648,0.060231209,402.0126648,0.172382772,402.0126648,0.227521777,402.0139465,0.265340686,402.0139465,0.328452617,402.0126648,0.276950628,402.0126648,0.258214921,402.0126648,0.217213601,402.0126648,0.168824077,402.0126648,0.106743097,402.0126648,0.055582993,402.0126648,0.002041395,402.0126648,0.001070175
400.0033264,0.0002826372802,400.0033264,0.06174266,400.0033264,0.175529748,400.0033264,0.231075913,400.0048523,0.270195127,400.0048523,0.334080935,400.0033264,0.283034891,400.0033264,0.26181221,400.0033264,0.220803723,400.0033264,0.170634985,400.0033264,0.109439172,400.0033264,0.057076283,400.0033264,0.0027466,400.0033264,0.0008901982801
397.9933472,1.035438828E-007,397.9933472,0.062090438,397.9933472,0.178145677,397.9933472,0.233846799,397.9950867,0.273335844,397.9950867,0.339087218,397.9933472,0.285305679,397.9933472,0.265709341,397.9933472,0.223797828,397.9933472,0.172725007,397.9933472,0.109980546,397.9933472,0.05669624,397.9933472,0.001818954,397.9933472,0.0007646712475
395.9827271,0.0005680506001,395.9827271,0.064005837,395.9827271,0.17897594,395.9827271,0.237114981,395.9846802,0.2763502,395.9846802,0.340427369,395.9827271,0.288945645,395.9827271,0.268856406,395.9827271,0.225789353,395.9827271,0.175738394,395.9827271,0.1109633,395.9827271,0.05919027,395.9827271,0.00205752,395.9827271,0.001369584
394.0101013,0.000575127,394.0101013,0.064290054,394.0101013,0.181895331,394.0101013,0.239086166,394.0122986,0.277260006,394.0122986,0.342395365,394.0101013,0.291512907,394.0101013,0.270146132,394.0101013,0.227828905,394.0101013,0.177089632,394.0101013,0.112696588,394.0101013,0.058738757,394.0101013,0.003556813,394.0101013,0.00159273
391.9981995,-0.000451269,391.9981995,0.062491197,391.9981995,0.180574983,391.9981995,0.238232017,392.0006104,0.276517391,392.0006104,0.343130589,391.9981995,0.290646464,391.9981995,0.269573361,391.9981995,0.227850959,391.9981995,0.176428497,391.9981995,0.111515135,391.9981995,0.05819352,391.9981995,0.002445434,391.9981995,0.001012363
389.9856567,-0.000138416,389.9856567,0.064533159,389.9856567,0.180662125,389.9856567,0.239246085,389.9883118,0.276972085,389.9883118,0.342770815,389.9856567,0.291150957,389.9856567,0.269187868,389.9856567,0.227378383,389.9856567,0.176822424,389.9856567,0.111764416,389.9856567,0.059041105,389.9856567,0.003587115,389.9856567,0.001042773
388.0112,-0.000449252,388.0112,0.063414827,388.0112,0.180054843,388.0112,0.236484915,388.0140991,0.273693383,388.0140991,0.339191407,388.0112,0.289788276,388.0112,0.26786527,388.0112,0.226188421,388.0112,0.174640387,388.0112,0.111104228,388.0112,0.058477633,388.0112,0.001308096,388.0112,0.0003097583831
385.9973755,-0.000384909,385.9973755,0.062843405,385.9973755,0.177427307,385.9973755,0.23570174,386.0004883,0.272770613,386.0004883,0.336248845,385.9973755,0.286302865,385.9973755,0.266245425,385.9973755,0.224679634,385.9973755,0.173735872,385.9973755,0.109218389,385.9973755,0.057553999,385.9973755,0.002617566,385.9973755,0.001542329
383.9829407,0.0003359744733,383.9829407,0.062327988,383.9829407,0.177681759,383.9829407,0.234483451,383.9862976,0.269818097,383.9862976,0.332064331,383.9829407,0.284300953,383.9829407,0.263635069,383.9829407,0.222854912,383.9829407,0.172461584,383.9829407,0.109925762,383.9829407,0.057152249,383.9829407,0.004142004,383.9829407,0.0008157854318
382.0066528,-0.000578115,382.0066528,0.061015636,382.0066528,0.173613578,382.0066528,0.22936067,382.0101929,0.264576793,382.0101929,0.328566641,382.0066528,0.278665751,382.0066528,0.259429216,382.0066528,0.219433695,382.0066528,0.169506714,382.0066528,0.106654368,382.0066528,0.055441767,382.0066528,0.003528966,382.0066528,0.0001526763954
379.9909668,0.001118574,379.9909668,0.06093628,379.9909668,0.173226178,379.9909668,0.228619069,379.994751,0.262704194,379.994751,0.32485804,379.9909668,0.276634842,379.9909668,0.255230874,379.9909668,0.217224196,379.9909668,0.167078897,379.9909668,0.104984731,379.9909668,0.05807405,379.9909668,0.002779112,379.9909668,0.001629962
378.0134583,-0.000310158,378.0134583,0.058972251,378.0134583,0.169155851,378.0134583,0.224127665,378.0174866,0.257036686,378.0174866,0.31819123,378.0134583,0.269591212,378.0134583,0.252185017,378.0134583,0.21137248,378.0134583,0.163809076,378.0134583,0.104270086,378.0134583,0.055135328,378.0134583,0.003008014,378.0134583,0.0005739863263
375.996582,0.001024765,375.996582,0.059532363,375.996582,0.167481676,375.996582,0.221052945,376.000824,0.25303334,376.000824,0.315151036,375.996582,0.265696585,375.996582,0.247846514,375.996582,0.208479241,375.996582,0.161944643,375.996582,0.102396749,375.996582,0.054015338,375.996582,0.00397005,375.996582,0.001993153
374.0178528,0.001728476,374.0178528,0.058313023,374.0178528,0.164495587,374.0178528,0.21695216,373.983551,0.248863012,373.983551,0.309189171,374.0178528,0.2616615,374.0178528,0.243547544,374.0178528,0.203998447,374.0178528,0.157241985,374.0178528,0.101320349,374.0178528,0.053341366,374.0178528,0.002615535,374.0178528,0.001004786
371.9997559,-0.00037534,371.9997559,0.058032628,371.9997559,0.162193984,371.9997559,0.213969216,372.0044556,0.246373907,372.0044556,0.303944677,371.9997559,0.25807327,371.9997559,0.240777224,371.9997559,0.202269003,371.9997559,0.156222045,371.9997559,0.100587033,371.9997559,0.053768463,371.9997559,0.004037532,371.9997559,0.001548512
369.9810486,-0.002672871,369.9810486,0.057571288,369.9810486,0.159976035,369.9810486,0.212601289,369.9859619,0.241200954,369.9859619,0.297085702,369.9810486,0.258719355,369.9810486,0.240537584,369.9810486,0.200609773,369.9810486,0.151132956,369.9810486,0.099113204,369.9810486,0.055010289,369.9810486,0.004149975,369.9810486,0.00200111
368.0006104,0.000461611,368.0006104,0.057279028,368.0006104,0.157212243,368.0006104,0.213048235,368.0057678,0.240280673,368.0057678,0.29851687,368.0006104,0.254409373,368.0006104,0.23644203,368.0006104,0.200418159,368.0006104,0.155706763,368.0006104,0.100653417,368.0006104,0.055548042,368.0006104,0.005412799,368.0006104,0.003358664
365.9806824,-0.001424702,365.9806824,0.05474855,365.9806824,0.159317702,365.9806824,0.212804824,365.986084,0.242920801,365.986084,0.30083859,365.9806824,0.254059732,365.9806824,0.234063968,365.9806824,0.196390539,365.9806824,0.153496385,365.9806824,0.097015344,365.9806824,0.053166639,365.9806824,0.003637152,365.9806824,0.00054843
363.9990234,0.002353836,363.9990234,0.059539277,363.9990234,0.160789415,363.9990234,0.217186078,364.0046387,0.246259615,364.0046387,0.304948062,363.9990234,0.258310497,363.9990234,0.241641805,363.9990234,0.204443619,363.9990234,0.156298682,363.9990234,0.101467051,363.9990234,0.055724557,363.9990234,0.005648864,363.9990234,0.003000168
362.0167847,5.67716379E-005,362.0167847,0.059164107,362.0167847,0.165717289,362.0167847,0.222960666,361.9837952,0.253105104,361.9837952,0.314309567,362.0167847,0.265787125,362.0167847,0.248423845,362.0167847,0.208939046,362.0167847,0.163686276,362.0167847,0.103022434,362.0167847,0.058292683,362.0167847,0.006326203,362.0167847,0.0006316626095
359.9951477,0.0001012,359.9951477,0.061660394,359.9951477,0.17599982,359.9951477,0.231349185,360.0012207,0.267834932,360.0012207,0.329263717,359.9951477,0.278357238,359.9951477,0.258737862,359.9951477,0.218341708,359.9951477,0.17047067,359.9951477,0.110840589,359.9951477,0.06082448,359.9951477,0.00563861,359.9951477,0.001804085
358.0118103,0.0001928674028,358.0118103,0.063795522,358.0118103,0.18610093,358.0118103,0.24589631,358.0181274,0.286723226,358.0181274,0.353438199,358.0118103,0.299511492,358.0118103,0.27851674,358.0118103,0.232258722,358.0118103,0.184680924,358.0118103,0.120059341,358.0118103,0.069185704,358.0118103,0.008155734,358.0118103,0.001427496
355.9890137,-0.00116775,355.9890137,0.069197483,355.9890137,0.20130457,355.9890137,0.265389621,355.9955444,0.314489931,355.9955444,0.385283232,355.9890137,0.320278138,355.9890137,0.297350675,355.9890137,0.254840314,355.9890137,0.200144172,355.9890137,0.128879979,355.9890137,0.075243734,355.9890137,0.009375758,355.9890137,0.0006471392699
354.0045166,-0.000540215,354.0045166,0.079065219,354.0045166,0.227327913,354.0045166,0.297546715,354.011261,0.350616485,354.011261,0.431392342,354.0045166,0.362909347,354.0045166,0.338818371,354.0045166,0.287271559,354.0045166,0.228667185,354.0045166,0.150642708,354.0045166,0.089147002,354.0045166,0.016335463,354.0045166,0.001234624
351.9805603,0.002755848,351.9805603,0.095412664,351.9805603,0.260384768,351.9805603,0.338461399,351.9875183,0.399056464,351.9875183,0.493301123,351.9805603,0.423853427,351.9805603,0.39129132,351.9805603,0.334842354,351.9805603,0.266404241,351.9805603,0.179164186,351.9805603,0.107032046,351.9805603,0.024369972,351.9805603,0.004131132
349.9949341,0.002064568,349.9949341,0.108706862,349.9949341,0.30776602,349.9949341,0.399961412,350.0021667,0.478530675,350.0021667,0.595288873,349.9949341,0.492586315,349.9949341,0.462860107,349.9949341,0.39599219,349.9949341,0.322433054,349.9949341,0.215391323,349.9949341,0.131732926,349.9949341,0.034283251,349.9949341,0.001907605
348.0088196,0.0001658312831,348.0088196,0.131464213,348.0088196,0.372075111,348.0088196,0.47895363,348.0162354,0.572504997,348.0162354,0.716210008,348.0088196,0.599946618,348.0088196,0.555211484,348.0088196,0.48736009,348.0088196,0.384352505,348.0088196,0.265999764,348.0088196,0.165739179,348.0088196,0.051265117,348.0088196,0.001913273
345.9831543,-4.72E-05,345.9831543,0.160133094,345.9831543,0.458151937,345.9831543,0.596850097,345.9908447,0.72657615,345.9908447,0.906285167,345.9831543,0.751163006,345.9831543,0.696714878,345.9831543,0.605390668,345.9831543,0.487812102,345.9831543,0.343252003,345.9831543,0.208325237,345.9831543,0.072521538,345.9831543,0.002975642
343.9959106,0.0003703012771,343.9959106,0.204051435,343.9959106,0.574632943,343.9959106,0.733424544,344.0038147,0.903757632,344.0038147,1.142659187,343.9959106,0.938837111,343.9959106,0.868557155,343.9959106,0.764869869,343.9959106,0.619556189,343.9959106,0.432565391,343.9959106,0.270722508,343.9959106,0.107152917,343.9959106,0.002457513
342.0081482,0.003301772,342.0081482,0.266223609,342.0081482,0.743789971,342.0081482,0.950600624,342.0162659,1.150604129,342.0162659,1.43574667,342.0081482,1.197262406,342.0081482,1.126857281,342.0081482,1.00186801,342.0081482,0.803160608,342.0081482,0.562916935,342.0081482,0.358365059,342.0081482,0.164592221,342.0081482,0.007385032
339.9808044,-0.001453805,339.9808044,0.343800485,339.9808044,0.974800527,339.9808044,1.245681763,339.9891663,1.532279015,339.9891663,1.890289307,339.9808044,1.571938276,339.9808044,1.523057103,339.9808044,1.274668097,339.9808044,1.07808125,339.9808044,0.736134231,339.9808044,0.465833455,339.9808044,0.249769852,339.9808044,0.003061505
337.9919739,0.003585288,337.9919739,0.439182013,337.9919739,1.237772465,337.9919739,1.570462465,338.0005493,1.967229724,338.0005493,2.390273094,337.9919739,2.061803818,337.9919739,1.812825084,337.9919739,1.638743877,337.9919739,1.335101008,337.9919739,0.963641703,337.9919739,0.594512224,337.9919739,0.395913422,337.9919739,0.009082861
336.0025635,-2.50E-05,336.0025635,0.553828776,336.0025635,1.516379714,336.0025635,1.895549536,336.0113525,2.168066978,336.0113525,2.605785847,336.0025635,10,336.0025635,2.177125692,336.0025635,2.028756618,336.0025635,1.678663254,336.0025635,1.187638521,336.0025635,0.754718244,336.0025635,0.586084425,336.0025635,0.009334868
334.0126648,0.0003898104769,334.0126648,0.680909872,334.0126648,1.942788959,334.0126648,2.317494631,333.982666,2.718514919,333.982666,2.81652832,334.0126648,3.193212509,334.0126648,2.65468955,334.0126648,2.532476187,334.0126648,2.11666894,334.0126648,1.458123326,334.0126648,0.920791984,334.0126648,0.932056129,334.0126648,0.01621598
331.9831848,-0.002682647,331.9831848,0.806055546,331.9831848,2.154285192,331.9831848,10,331.9924622,2.998388529,331.9924622,3.041205406,331.9831848,2.259294271,331.9831848,10,331.9831848,2.835630894,331.9831848,2.612117529,331.9831848,1.790032744,331.9831848,1.103428364,331.9831848,1.399247408,331.9831848,0.020896992
329.9921875,0.0008827279089,329.9921875,0.969823778,329.9921875,2.878898621,329.9921875,2.698340178,330.0016785,3.663638115,330.0016785,10,329.9921875,10,329.9921875,10,329.9921875,10,329.9921875,2.782978058,329.9921875,2.110949039,329.9921875,1.337729812,329.9921875,2.243950605,329.9921875,0.027629808
328.0007019,-0.000969589,328.0007019,1.079465747,328.0007019,2.632003307,328.0007019,10,328.010437,2.282199383,328.010437,2.628065109,328.0007019,3.655760527,328.0007019,3.416450977,328.0007019,2.345308781,328.0007019,3.514996052,328.0007019,2.556012869,328.0007019,1.505136728,328.0007019,3.132663965,328.0007019,0.035801813
326.0086975,0.00106361,326.0086975,1.236432791,326.0086975,2.53363061,326.0086975,2.619807243,326.0186462,3.033237457,326.0186462,2.928179979,326.0086975,10,326.0086975,3.031167746,326.0086975,2.626977921,326.0086975,2.508712769,326.0086975,2.799319983,326.0086975,1.707575202,326.0086975,10,326.0086975,0.047539115
324.0161743,0.0009311580216,324.0161743,1.349719882,324.0161743,10,324.0161743,3.23741436,323.9873047,10,323.9873047,3.17082119,324.0161743,3.262753487,324.0161743,10,324.0161743,2.956634998,324.0161743,10,324.0161743,2.937162161,324.0161743,2.054536104,324.0161743,3.101781607,324.0161743,0.063373759
321.9841003,-0.001280914,321.9841003,1.481634974,321.9841003,10,321.9841003,10,321.9944763,2.851484537,321.9944763,10,321.9841003,2.5286448,321.9841003,3.208323002,321.9841003,2.574936628,321.9841003,10,321.9841003,2.935349226,321.9841003,2.176270008,321.9841003,10,321.9841003,0.076331481
319.9905396,0.0003781774139,319.9905396,1.555852652,319.9905396,10,319.9905396,3.572217464,320.0011597,2.839659929,320.0011597,2.469089508,319.9905396,2.788929224,319.9905396,2.863008499,319.9905396,10,319.9905396,2.672056198,319.9905396,3.341461897,319.9905396,10,319.9905396,10,319.9905396,0.096757241
317.9964905,0.001078505,317.9964905,1.619122386,317.9964905,10,317.9964905,2.448559523,318.0073547,2.584754705,318.0073547,3.966804028,317.9964905,3.791949272,317.9964905,3.135949612,317.9964905,2.917635918,317.9964905,2.568921089,317.9964905,2.872021437,317.9964905,10,317.9964905,3.047510862,317.9964905,0.116359994
316.0019531,-0.000631262,316.0019531,1.650994062,316.0019531,10,316.0019531,10,316.013031,3.364798784,316.013031,10,316.0019531,4.240775585,316.0019531,2.95842576,316.0019531,2.981605768,316.0019531,10,316.0019531,10,316.0019531,2.656900644,316.0019531,10,316.0019531,0.13281922
314.0069275,0.00118969,314.0069275,1.720149994,314.0069275,2.856742382,314.0069275,10,314.0182495,10,314.0182495,10,314.0069275,3.27847743,314.0069275,3.208806992,314.0069275,10,314.0069275,10,314.0069275,10,314.0069275,3.172295332,314.0069275,2.846406221,314.0069275,0.152458668
312.0114136,0.0008116877871,312.0114136,1.737745643,312.0114136,10,312.0114136,2.80982995,311.9837952,10,311.9837952,2.807484627,312.0114136,10,312.0114136,3.611989737,312.0114136,4.054114342,312.0114136,3.136059523,312.0114136,3.807894468,312.0114136,2.728836536,312.0114136,3.335887194,312.0114136,0.171493933
310.0154114,-0.000540266,310.0154114,1.707938433,310.0154114,10,310.0154114,2.945357323,309.9880066,4.098265171,309.9880066,10,310.0154114,10,310.0154114,10,310.0154114,2.520592451,310.0154114,3.453985691,310.0154114,2.651983023,310.0154114,2.750376463,310.0154114,2.929872751,310.0154114,0.186725795
308.0188599,-0.00024088,308.0188599,1.683976173,308.0188599,3.208568096,308.0188599,10,307.9917297,10,307.9917297,10,308.0188599,10,308.0188599,10,308.0188599,2.80979681,308.0188599,2.931929111,308.0188599,3.361451387,308.0188599,10,308.0188599,10,308.0188599,0.199867532
305.9827271,-0.00124385,305.9827271,1.66459918,305.9827271,3.296580315,305.9827271,10,305.9949646,10,305.9949646,10,305.9827271,2.894209146,305.9827271,2.702558756,305.9827271,2.926328182,305.9827271,2.539161205,305.9827271,3.002701998,305.9827271,10,305.9827271,2.924047947,305.9827271,0.20912683
303.98526,0.0005113416701,303.98526,1.623530626,303.98526,10,303.98526,4.278342724,303.9977112,10,303.9977112,10,303.98526,10,303.98526,3.387447119,303.98526,10,303.98526,3.050492764,303.98526,3.524180889,303.98526,2.716136456,303.98526,3.099636793,303.98526,0.219671667
301.9873047,0.0001841400372,301.9873047,1.635422349,301.9873047,10,301.9873047,3.894979954,301.9999695,3.514949083,301.9999695,2.910392523,301.9873047,10,301.9873047,3.039835453,301.9873047,2.828528166,301.9873047,2.813356638,301.9873047,3.089739323,301.9873047,10,301.9873047,10,301.9873047,0.222727761
299.9888916,0.0006888798671,299.9888916,1.599383473,299.9888916,10,299.9888916,3.38548398,300.0018311,10,300.0018311,2.899548292,299.9888916,10,299.9888916,10,299.9888916,10,299.9888916,3.03099227,299.9888916,3.270782232,299.9888916,3.196804523,299.9888916,10,299.9888916,0.22215429
297.9899902,-0.000445114,297.9899902,1.566070557,297.9899902,3.90402317,297.9899902,10,298.0031433,3.867690802,298.0031433,3.256302118,297.9899902,10,297.9899902,10,297.9899902,10,297.9899902,10,297.9899902,2.954216719,297.9899902,10,297.9899902,2.843225718,297.9899902,0.220438168
295.9906616,0.00104241,295.9906616,1.549393177,295.9906616,10,295.9906616,10,296.0040283,3.339345455,296.0040283,10,295.9906616,3.383001804,295.9906616,2.805383205,295.9906616,10,295.9906616,2.943542004,295.9906616,10,295.9906616,10,295.9906616,4.060812473,295.9906616,0.216365591
293.9908142,-0.00016569,293.9908142,1.507770061,293.9908142,3.298030853,293.9908142,2.851091385,294.0043945,3.835419655,294.0043945,3.175434828,293.9908142,10,293.9908142,10,293.9908142,2.924983978,293.9908142,3.752656698,293.9908142,10,293.9908142,10,293.9908142,2.946131229,293.9908142,0.208533213
291.990509,-0.00012025,291.990509,1.47846365,291.990509,2.993300915,291.990509,3.700261831,292.0043335,3.070970297,292.0043335,2.756722212,291.990509,3.025464535,291.990509,2.931526899,291.990509,3.664448977,291.990509,2.617478848,291.990509,3.606097221,291.990509,10,291.990509,3.073775768,291.990509,0.199806705
289.9897766,-0.000541766,289.9897766,1.466150761,289.9897766,10,289.9897766,10,290.0038147,10,290.0038147,3.184243202,289.9897766,3.478226185,289.9897766,2.68946743,289.9897766,10,289.9897766,3.02411437,289.9897766,10,289.9897766,3.235134363,289.9897766,3.698888779,289.9897766,0.190046936
287.9885559,6.730404039E-006,287.9885559,1.454328775,287.9885559,3.7892766,287.9885559,3.291287422,288.0028381,2.858010769,288.0028381,10,287.9885559,2.871627569,287.9885559,10,287.9885559,10,287.9885559,3.415824175,287.9885559,2.876163721,287.9885559,2.798271894,287.9885559,2.878138304,287.9885559,0.180468991
285.9869385,-0.000887706,285.9869385,1.431114674,285.9869385,10,285.9869385,10,286.0014343,3.044684887,286.0014343,4.383924007,285.9869385,2.915299177,285.9869385,3.971750021,285.9869385,10,285.9869385,3.369810581,285.9869385,10,285.9869385,3.667864561,285.9869385,3.820436716,285.9869385,0.169342861
283.9848022,-0.000627437,283.9848022,1.446066737,283.9848022,2.869223833,283.9848022,2.975059032,283.9995422,3.295829296,283.9995422,3.165208101,283.9848022,10,283.9848022,2.774005651,283.9848022,3.482355833,283.9848022,2.987161875,283.9848022,2.997479916,283.9848022,2.959618092,283.9848022,3.23772049,283.9848022,0.158538073
281.9822998,0.0006108723464,281.9822998,1.452127099,281.9822998,3.152297974,281.9822998,3.444578648,281.9972534,2.960897923,281.9972534,3.646449089,281.9822998,10,281.9822998,10,281.9822998,3.179142714,281.9822998,10,281.9822998,3.097311735,281.9822998,3.086818457,281.9822998,10,281.9822998,0.15050973
280.0185852,-0.000321333,280.0185852,1.464406371,280.0185852,2.868100643,280.0185852,10,279.9945068,3.226604939,279.9945068,10,280.0185852,10,280.0185852,10,280.0185852,3.11771369,280.0185852,2.870955706,280.0185852,2.839743376,280.0185852,3.356049776,280.0185852,2.95097065,280.0185852,0.14069894
278.0151672,-0.000302191,278.0151672,1.498330235,278.0151672,3.454296589,278.0151672,4.282796383,277.9913025,10,277.9913025,2.764304161,278.0151672,10,278.0151672,10,278.0151672,3.382262945,278.0151672,10,278.0151672,10,278.0151672,10,278.0151672,2.748875618,278.0151672,0.133407727
276.011322,-0.000612134,276.011322,1.50465107,276.011322,2.893411636,276.011322,10,275.9876709,10,275.9876709,2.988107204,276.011322,3.212852955,276.011322,2.958822012,276.011322,3.13809514,276.011322,3.05102706,276.011322,3.038733244,276.011322,2.993022919,276.011322,3.265736341,276.011322,0.127860159
274.0070496,-0.000273529,274.0070496,1.554383993,274.0070496,10,274.0070496,2.744885683,273.9835815,3.283556223,273.9835815,10,274.0070496,10,274.0070496,10,274.0070496,3.664462566,274.0070496,2.778519392,274.0070496,3.410670996,274.0070496,3.277107,274.0070496,10,274.0070496,0.121597968
272.0022888,-0.000468077,272.0022888,1.584764361,272.0022888,10,272.0022888,10,272.0184021,10,272.0184021,4.371897697,272.0022888,3.280135632,272.0022888,2.625015259,272.0022888,3.268612623,272.0022888,10,272.0022888,10,272.0022888,3.514341354,272.0022888,10,272.0022888,0.117881782
269.9971924,-0.000982555,269.9971924,1.674411535,269.9971924,10,269.9971924,3.33408761,270.0135193,2.964346409,270.0135193,10,269.9971924,10,269.9971924,4.037028313,269.9971924,2.846299171,269.9971924,10,269.9971924,3.358016014,269.9971924,2.978399277,269.9971924,10,269.9971924,0.114334658
267.9916077,-0.000766273,267.9916077,1.743474007,267.9916077,3.480306864,267.9916077,3.590625763,268.0081787,3.419442654,268.0081787,10,267.9916077,10,267.9916077,2.911816835,267.9916077,10,267.9916077,10,267.9916077,10,267.9916077,10,267.9916077,2.808298111,267.9916077,0.112785623
265.9856567,-0.00071552,265.9856567,1.897262096,265.9856567,10,265.9856567,3.520027399,266.0024414,3.615543842,266.0024414,2.956736088,265.9856567,3.744019985,265.9856567,3.46841073,265.9856567,10,265.9856567,10,265.9856567,3.173656702,265.9856567,10,265.9856567,2.969689369,265.9856567,0.113429315
264.0185852,0.0009526640642,264.0185852,2.194814205,264.0185852,10,264.0185852,3.62828064,263.9962463,3.096498728,263.9962463,10,264.0185852,3.160912991,264.0185852,3.407076597,264.0185852,2.947164059,264.0185852,3.397107124,264.0185852,2.783878326,264.0185852,3.242137432,264.0185852,3.176368475,264.0185852,0.115941495
262.0117493,0.0001283616002,262.0117493,2.390120029,262.0117493,3.109148741,262.0117493,10,261.9896851,10,261.9896851,3.271253109,262.0117493,3.377653122,262.0117493,3.098756075,262.0117493,2.621115923,262.0117493,10,262.0117493,3.517368555,262.0117493,10,262.0117493,2.893671036,262.0117493,0.125348404
260.0045776,-0.000588455,260.0045776,3.903396368,260.0045776,3.298466206,260.0045776,3.028764248,259.982666,3.248723269,259.982666,10,260.0045776,3.513749361,260.0045776,10,260.0045776,10,260.0045776,3.907982826,260.0045776,10,260.0045776,3.242216587,260.0045776,2.877255678,260.0045776,0.138065592
257.9969482,-0.000424529,257.9969482,10,257.9969482,3.344776392,257.9969482,3.093925714,258.0146179,3.572921753,258.0146179,10,257.9969482,2.875873327,257.9969482,10,257.9969482,3.163300514,257.9969482,2.898688555,257.9969482,3.090966463,257.9969482,3.108389616,257.9969482,3.777456045,257.9969482,0.159313485
255.9889526,0.0003443422029,255.9889526,3.116868258,255.9889526,2.816599846,255.9889526,10,256.0068665,10,256.0068665,10,255.9889526,3.361123085,255.9889526,3.085893154,255.9889526,2.831380367,255.9889526,3.782339096,255.9889526,3.077225208,255.9889526,3.112127066,255.9889526,3.229721308,255.9889526,0.193782583
253.980484,0.0003674254986,253.980484,3.081381321,253.980484,3.402976036,253.980484,10,253.998642,2.680095911,253.998642,3.348482847,253.980484,2.717751503,253.980484,10,253.980484,2.880722046,253.980484,10,253.980484,2.926794291,253.980484,3.267967463,253.980484,2.74939394,253.980484,0.253283829
252.0110474,0.0008237474249,252.0110474,10,252.0110474,10,252.0110474,3.470053434,251.9900208,3.60065341,251.9900208,10,252.0110474,3.488486767,252.0110474,3.001514673,252.0110474,2.944956303,252.0110474,3.381915808,252.0110474,3.112180471,252.0110474,10,252.0110474,10,252.0110474,0.339867503
250.0018158,0.0004325627815,250.0018158,3.353258848,250.0018158,3.559933662,250.0018158,10,249.9810486,10,249.9810486,2.635485649,250.0018158,4.202926636,250.0018158,3.171734571,250.0018158,10,250.0018158,10,250.0018158,10,250.0018158,4.234671116,250.0018158,10,250.0018158,0.489582717
247.9922333,0.0008673465345,247.9922333,10,247.9922333,3.077671051,247.9922333,3.420470953,248.0110626,10,248.0110626,3.809797764,247.9922333,3.438417912,247.9922333,3.509325743,247.9922333,3.073457241,247.9922333,3.696503878,247.9922333,10,247.9922333,10,247.9922333,10,247.9922333,0.697395921
245.9822235,-0.00057584,245.9822235,3.997908592,245.9822235,3.170473576,245.9822235,10,246.001297,4.522541523,246.001297,10,245.9822235,3.409457445,245.9822235,4.314081192,245.9822235,3.666687965,245.9822235,10,245.9822235,3.892529726,245.9822235,4.039806843,245.9822235,10,245.9822235,0.954256952
244.0112762,-0.000198086,244.0112762,10,244.0112762,3.550979614,244.0112762,10,243.9911499,3.188384771,243.9911499,2.993486404,244.0112762,10,244.0112762,2.956521749,244.0112762,10,244.0112762,2.858570337,244.0112762,3.212665558,244.0112762,10,244.0112762,10,244.0112762,1.481466413
242.0005188,-0.000654732,242.0005188,3.438413143,242.0005188,3.570185661,242.0005188,3.582315207,241.9806061,10,241.9806061,2.963554382,242.0005188,3.678624153,242.0005188,10,242.0005188,3.45783639,242.0005188,3.28401041,242.0005188,3.213033438,242.0005188,3.919471502,242.0005188,3.040637255,242.0005188,2.124954224
239.9893646,-0.000136294,239.9893646,3.117972851,239.9893646,2.909028053,239.9893646,2.851170778,240.0091248,2.805418968,240.0091248,3.073471546,239.9893646,10,239.9893646,3.027531147,239.9893646,4.207512856,239.9893646,4.267047405,239.9893646,10,239.9893646,3.105020523,239.9893646,3.022102118,239.9893646,2.534455299
238.0173035,0.001038154,238.0173035,10,238.0173035,2.562601328,238.0173035,2.826694727,237.9978485,3.045106888,237.9978485,3.046442032,238.0173035,2.807973862,238.0173035,2.554330826,238.0173035,10,238.0173035,3.043745756,238.0173035,2.648444176,238.0173035,2.942718029,238.0173035,2.764219284,238.0173035,2.979861975
236.0054321,-0.001181845,236.0054321,2.964962244,236.0054321,4.302839279,236.0054321,10,235.9862061,2.741990805,235.9862061,3.009841442,236.0054321,10,236.0054321,10,236.0054321,10,236.0054321,2.781591415,236.0054321,10,236.0054321,2.481804848,236.0054321,2.728605986,236.0054321,10
233.9931793,0.0006052212557,233.9931793,10,233.9931793,10,233.9931793,3.173475981,234.0136108,2.571540117,234.0136108,3.912890911,233.9931793,10,233.9931793,2.782411575,233.9931793,2.610822439,233.9931793,10,233.9931793,10,233.9931793,10,233.9931793,3.063811302,233.9931793,3.060352802
231.9805756,-0.000637621,231.9805756,10,231.9805756,2.611726284,231.9805756,2.889425516,232.0012512,10,232.0012512,2.698710918,231.9805756,10,231.9805756,2.895435333,231.9805756,10,231.9805756,3.302603245,231.9805756,10,231.9805756,3.936518908,231.9805756,2.415495157,231.9805756,2.473566055
230.0070648,4.400837497E-005,230.0070648,10,230.0070648,3.114356518,230.0070648,10,229.9884949,10,229.9884949,4.073088646,230.0070648,3.323411942,230.0070648,10,230.0070648,3.017832279,230.0070648,10,230.0070648,2.842600107,230.0070648,10,230.0070648,10,230.0070648,10
227.9937439,0.001658649,227.9937439,2.971516609,227.9937439,2.720294714,227.9937439,2.409807444,228.0148621,2.383150101,228.0148621,2.378680468,227.9937439,10,227.9937439,3.034447908,227.9937439,10,227.9937439,2.308237076,227.9937439,2.420114279,227.9937439,2.671756506,227.9937439,10,227.9937439,2.353591681
226.0195465,-0.000426443,226.0195465,3.438918829,226.0195465,3.170352221,226.0195465,3.271407127,226.0013733,3.353066444,226.0013733,3.309440136,226.0195465,3.287748814,226.0195465,3.285106421,226.0195465,3.146088839,226.0195465,3.265470743,226.0195465,3.315705776,226.0195465,3.182195663,226.0195465,3.229428291,226.0195465,3.093317747
224.0054932,-0.00046337,224.0054932,3.617336035,224.0054932,10,224.0054932,3.393049717,223.9875793,3.900999546,223.9875793,3.041426659,224.0054932,3.525772095,224.0054932,3.571382284,224.0054932,3.189207792,224.0054932,3.184986353,224.0054932,2.926711082,224.0054932,2.969510794,224.0054932,3.347182035,224.0054932,3.352430582
221.9911041,5.555483949E-005,221.9911041,10,221.9911041,4.368543625,221.9911041,3.349473,222.0129089,3.83483839,222.0129089,3.166680813,221.9911041,3.025227308,221.9911041,3.837196589,221.9911041,3.217015743,221.9911041,10,221.9911041,3.108298063,221.9911041,3.055404186,221.9911041,3.241289616,221.9911041,3.978694677
220.0158844,-0.000300277,220.0158844,3.065494299,220.0158844,2.97859621,220.0158844,3.433515072,219.9984131,3.037070751,219.9984131,3.652947187,220.0158844,3.429547548,220.0158844,3.484636307,220.0158844,3.233941317,220.0158844,3.112007141,220.0158844,3.978921175,220.0158844,10,220.0158844,3.112127304,220.0158844,2.926442623
218.0008087,-0.000336284,218.0008087,2.967564821,218.0008087,2.936790705,218.0008087,4.092042923,217.983551,3.135209084,217.983551,3.565573454,218.0008087,3.553952217,218.0008087,2.924216509,218.0008087,4.225427151,218.0008087,2.873800516,218.0008087,10,218.0008087,2.767092228,218.0008087,3.586631775,218.0008087,2.908216715
215.9853973,0.0001094337713,215.9853973,3.169813633,215.9853973,3.33795476,215.9853973,3.075033426,216.0078888,2.988492489,216.0078888,3.038896084,215.9853973,3.316752195,215.9853973,2.861722231,215.9853973,2.748438597,215.9853973,3.029071093,215.9853973,2.964826345,215.9853973,3.036750793,215.9853973,3.046786308,215.9853973,2.999006033
214.0091705,-5.80E-05,214.0091705,2.9333601,214.0091705,2.872637272,214.0091705,3.729824305,213.9923401,3.082884789,213.9923401,3.187623739,214.0091705,2.857598782,214.0091705,2.776517153,214.0091705,3.147914886,214.0091705,2.913850069,214.0091705,2.926862001,214.0091705,3.368128061,214.0091705,2.740767002,214.0091705,2.924881458
211.9930573,0.0005535616656,211.9930573,2.680499792,211.9930573,3.494799137,211.9930573,2.875962734,212.0160065,2.924703121,212.0160065,4.008403301,211.9930573,10,211.9930573,3.46180582,211.9930573,2.682978153,211.9930573,2.794691324,211.9930573,2.801085949,211.9930573,2.601671696,211.9930573,2.792847633,211.9930573,3.307514906
210.0162048,-0.000698411,210.0162048,2.978169203,210.0162048,2.706629753,210.0162048,10,209.9998169,2.597002506,209.9998169,3.484577417,210.0162048,3.127260447,210.0162048,2.789344549,210.0162048,4.278342247,210.0162048,10,210.0162048,2.850945711,210.0162048,3.206369638,210.0162048,2.484296799,210.0162048,3.06710434
207.9994659,-0.000243519,207.9994659,2.603933811,207.9994659,2.69810605,207.9994659,4.219045639,207.9833069,2.44130969,207.9833069,2.777176142,207.9994659,2.922967434,207.9994659,2.762556314,207.9994659,2.757386923,207.9994659,2.649034262,207.9994659,2.783050776,207.9994659,3.922318935,207.9994659,2.595687151,207.9994659,2.67764163
205.9823914,0.0001868074323,205.9823914,2.697975874,205.9823914,3.296437502,205.9823914,2.729752064,206.006012,2.872339725,206.006012,2.889739275,205.9823914,3.060021877,205.9823914,3.469896317,205.9823914,3.192176104,205.9823914,2.842607975,205.9823914,2.925295115,205.9823914,2.672072172,205.9823914,3.643716574,205.9823914,2.629585743
204.0045624,-0.000615649,204.0045624,2.917680025,204.0045624,3.227714539,204.0045624,2.937792063,203.9888611,3.108342886,203.9888611,2.734097719,204.0045624,2.920613766,204.0045624,2.996239662,204.0045624,3.975175619,204.0045624,3.02030468,204.0045624,2.698765039,204.0045624,2.739588737,204.0045624,2.805130959,204.0045624,2.844625711
201.9868774,4.34129397E-005,201.9868774,2.615609884,201.9868774,3.253344536,201.9868774,2.739640474,202.0109558,2.561189175,202.0109558,2.550246716,201.9868774,10,201.9868774,10,201.9868774,2.627206087,201.9868774,3.030053139,201.9868774,2.74630332,201.9868774,3.173707247,201.9868774,3.01209259,201.9868774,2.967769146
200.0084381,-0.000236947,200.0084381,2.732330799,200.0084381,2.503877878,200.0084381,2.700039864,199.9931793,2.673302174,199.9931793,2.671983242,200.0084381,2.508981466,200.0084381,2.293771982,200.0084381,2.565269947,200.0084381,3.013368368,200.0084381,3.383169651,200.0084381,2.427388191,200.0084381,3.072967291,200.0084381,2.469069004
