comparison,method,training_seed,evaluation_seed,paired_tasks,pf_only_success,comparison_only_success,success_difference_pp,exact_mcnemar_p
pf_imitation_minus_pf_posterior_direct,pf_imitation,selected,901,3000,167,867,23.333333333333343,1.6377561576427855e-114
pf_imitation_minus_pf_posterior_direct,pf_imitation,selected,902,3000,143,839,23.200000000000017,2.1467031559030388e-120
pf_imitation_minus_pf_posterior_direct,pf_imitation,selected,903,3000,172,836,22.133333333333326,3.1544715317045546e-105
pf_imitation_minus_pf_posterior_direct,pf_imitation,selected,904,3000,168,855,22.89999999999999,2.4480494490843874e-111
pf_imitation_minus_pf_posterior_direct,pf_imitation,selected,905,3000,171,817,21.53333333333333,1.5943974540125458e-101
ppo_from_pf_imitation_minus_pf_posterior_direct,ppo_from_pf_imitation,101,901,3000,151,887,24.53333333333333,2.7358699726962706e-127
ppo_from_pf_imitation_minus_pf_posterior_direct,ppo_from_pf_imitation,101,902,3000,124,862,24.60000000000001,1.2790319029887812e-136
ppo_from_pf_imitation_minus_pf_posterior_direct,ppo_from_pf_imitation,101,903,3000,176,849,22.433333333333323,3.190024573579816e-106
ppo_from_pf_imitation_minus_pf_posterior_direct,ppo_from_pf_imitation,101,904,3000,138,879,24.700000000000003,1.4646054586792823e-132
ppo_from_pf_imitation_minus_pf_posterior_direct,ppo_from_pf_imitation,101,905,3000,149,840,23.03333333333333,1.8458661864240903e-117
random_actor_untrained_minus_pf_posterior_direct,random_actor_untrained,101,901,3000,965,610,-11.833333333333329,3.3142199772836084e-19
random_actor_untrained_minus_pf_posterior_direct,random_actor_untrained,101,902,3000,978,563,-13.833333333333329,2.6538242707425806e-26
random_actor_untrained_minus_pf_posterior_direct,random_actor_untrained,101,903,3000,1016,525,-16.366666666666674,2.3723954482703835e-36
random_actor_untrained_minus_pf_posterior_direct,random_actor_untrained,101,904,3000,967,574,-13.100000000000001,1.0122740819079365e-23
random_actor_untrained_minus_pf_posterior_direct,random_actor_untrained,101,905,3000,1023,555,-15.599999999999994,2.3090489556699822e-32
ppo_from_random_minus_pf_posterior_direct,ppo_from_random,101,901,3000,416,836,14.0,6.035716959991354e-33
ppo_from_random_minus_pf_posterior_direct,ppo_from_random,101,902,3000,435,821,12.866666666666674,6.590956940408308e-28
ppo_from_random_minus_pf_posterior_direct,ppo_from_random,101,903,3000,474,786,10.399999999999991,1.2931300345371026e-18
ppo_from_random_minus_pf_posterior_direct,ppo_from_random,101,904,3000,424,805,12.700000000000003,8.453088836967169e-28
ppo_from_random_minus_pf_posterior_direct,ppo_from_random,101,905,3000,432,792,12.0,4.815499143672668e-25
ppo_from_pf_imitation_minus_pf_posterior_direct,ppo_from_pf_imitation,202,901,3000,160,885,24.16666666666667,4.1520514724943935e-122
ppo_from_pf_imitation_minus_pf_posterior_direct,ppo_from_pf_imitation,202,902,3000,140,871,24.366666666666674,1.531818798326042e-129
ppo_from_pf_imitation_minus_pf_posterior_direct,ppo_from_pf_imitation,202,903,3000,158,861,23.433333333333323,1.2053911236564303e-117
ppo_from_pf_imitation_minus_pf_posterior_direct,ppo_from_pf_imitation,202,904,3000,159,895,24.53333333333333,6.39495216628534e-125
ppo_from_pf_imitation_minus_pf_posterior_direct,ppo_from_pf_imitation,202,905,3000,164,849,22.83333333333333,6.130829791951068e-112
random_actor_untrained_minus_pf_posterior_direct,random_actor_untrained,202,901,3000,902,586,-10.533333333333331,2.4742705111410436e-16
random_actor_untrained_minus_pf_posterior_direct,random_actor_untrained,202,902,3000,897,524,-12.433333333333323,3.2220514860200086e-23
random_actor_untrained_minus_pf_posterior_direct,random_actor_untrained,202,903,3000,931,558,-12.433333333333344,3.2875456836669267e-22
random_actor_untrained_minus_pf_posterior_direct,random_actor_untrained,202,904,3000,917,568,-11.633333333333333,1.1659657672739046e-19
random_actor_untrained_minus_pf_posterior_direct,random_actor_untrained,202,905,3000,895,553,-11.400000000000006,2.195912210973501e-19
ppo_from_random_minus_pf_posterior_direct,ppo_from_random,202,901,3000,421,875,15.133333333333326,4.7819386334990775e-37
ppo_from_random_minus_pf_posterior_direct,ppo_from_random,202,902,3000,444,836,13.066666666666677,3.1988785877542194e-28
ppo_from_random_minus_pf_posterior_direct,ppo_from_random,202,903,3000,431,811,12.666666666666657,2.2284613357218456e-27
ppo_from_random_minus_pf_posterior_direct,ppo_from_random,202,904,3000,413,847,14.466666666666669,6.809285579711901e-35
ppo_from_random_minus_pf_posterior_direct,ppo_from_random,202,905,3000,440,809,12.299999999999997,9.618173860215362e-26
ppo_from_pf_imitation_minus_pf_posterior_direct,ppo_from_pf_imitation,303,901,3000,103,926,27.433333333333323,3.807985502589017e-166
ppo_from_pf_imitation_minus_pf_posterior_direct,ppo_from_pf_imitation,303,902,3000,68,931,28.76666666666668,1.4706744409058588e-194
ppo_from_pf_imitation_minus_pf_posterior_direct,ppo_from_pf_imitation,303,903,3000,102,903,26.700000000000003,5.6354472634526094e-161
ppo_from_pf_imitation_minus_pf_posterior_direct,ppo_from_pf_imitation,303,904,3000,102,922,27.33333333333333,8.019826310123102e-166
ppo_from_pf_imitation_minus_pf_posterior_direct,ppo_from_pf_imitation,303,905,3000,92,907,27.16666666666667,4.03297637353036e-169
random_actor_untrained_minus_pf_posterior_direct,random_actor_untrained,303,901,3000,1000,551,-14.966666666666669,2.1820368165361675e-30
random_actor_untrained_minus_pf_posterior_direct,random_actor_untrained,303,902,3000,1044,519,-17.499999999999986,7.614724712238232e-41
random_actor_untrained_minus_pf_posterior_direct,random_actor_untrained,303,903,3000,1030,534,-16.53333333333334,1.5498141809522046e-36
random_actor_untrained_minus_pf_posterior_direct,random_actor_untrained,303,904,3000,1021,527,-16.46666666666667,1.2773521404806943e-36
random_actor_untrained_minus_pf_posterior_direct,random_actor_untrained,303,905,3000,1047,505,-18.06666666666667,8.694177705413228e-44
ppo_from_random_minus_pf_posterior_direct,ppo_from_random,303,901,3000,597,759,5.400000000000006,1.2029507618644673e-05
ppo_from_random_minus_pf_posterior_direct,ppo_from_random,303,902,3000,570,724,5.13333333333334,2.0627486667011595e-05
ppo_from_random_minus_pf_posterior_direct,ppo_from_random,303,903,3000,614,749,4.499999999999986,0.0002809115912603388
ppo_from_random_minus_pf_posterior_direct,ppo_from_random,303,904,3000,576,741,5.5,6.048846154498298e-06
ppo_from_random_minus_pf_posterior_direct,ppo_from_random,303,905,3000,611,715,3.4666666666666686,0.004657601081222466
ppo_from_pf_imitation_minus_pf_posterior_direct,ppo_from_pf_imitation,404,901,3000,186,890,23.46666666666667,1.396051854404517e-110
ppo_from_pf_imitation_minus_pf_posterior_direct,ppo_from_pf_imitation,404,902,3000,154,882,24.26666666666668,1.5492388891168548e-124
ppo_from_pf_imitation_minus_pf_posterior_direct,ppo_from_pf_imitation,404,903,3000,177,869,23.066666666666663,3.7145408235178396e-110
ppo_from_pf_imitation_minus_pf_posterior_direct,ppo_from_pf_imitation,404,904,3000,184,894,23.66666666666667,2.1887685136093455e-112
ppo_from_pf_imitation_minus_pf_posterior_direct,ppo_from_pf_imitation,404,905,3000,194,842,21.60000000000001,1.0363857093492205e-96
random_actor_untrained_minus_pf_posterior_direct,random_actor_untrained,404,901,3000,1262,351,-30.366666666666667,1.7249959178450715e-120
random_actor_untrained_minus_pf_posterior_direct,random_actor_untrained,404,902,3000,1286,359,-30.89999999999999,2.8531353939878575e-122
random_actor_untrained_minus_pf_posterior_direct,random_actor_untrained,404,903,3000,1319,315,-33.466666666666676,6.569611897066379e-146
random_actor_untrained_minus_pf_posterior_direct,random_actor_untrained,404,904,3000,1318,346,-32.400000000000006,2.143963097509073e-133
random_actor_untrained_minus_pf_posterior_direct,random_actor_untrained,404,905,3000,1349,351,-33.266666666666666,1.0795153618236723e-137
ppo_from_random_minus_pf_posterior_direct,ppo_from_random,404,901,3000,355,851,16.53333333333333,1.9823873876148537e-47
ppo_from_random_minus_pf_posterior_direct,ppo_from_random,404,902,3000,368,826,15.26666666666668,6.447107934338879e-41
ppo_from_random_minus_pf_posterior_direct,ppo_from_random,404,903,3000,374,814,14.666666666666657,5.236751701516419e-38
ppo_from_random_minus_pf_posterior_direct,ppo_from_random,404,904,3000,372,836,15.466666666666669,1.7254332399837758e-41
ppo_from_random_minus_pf_posterior_direct,ppo_from_random,404,905,3000,388,807,13.966666666666669,2.429893436736168e-34
ppo_from_pf_imitation_minus_pf_posterior_direct,ppo_from_pf_imitation,555,901,3000,158,886,24.266666666666666,2.2748999808513754e-123
ppo_from_pf_imitation_minus_pf_posterior_direct,ppo_from_pf_imitation,555,902,3000,144,849,23.500000000000014,3.451283322683073e-122
ppo_from_pf_imitation_minus_pf_posterior_direct,ppo_from_pf_imitation,555,903,3000,162,856,23.133333333333326,1.679348413286467e-114
ppo_from_pf_imitation_minus_pf_posterior_direct,ppo_from_pf_imitation,555,904,3000,160,861,23.36666666666666,1.2371120325472285e-116
ppo_from_pf_imitation_minus_pf_posterior_direct,ppo_from_pf_imitation,555,905,3000,181,842,22.03333333333333,2.0721098695854386e-102
random_actor_untrained_minus_pf_posterior_direct,random_actor_untrained,555,901,3000,1220,318,-30.066666666666663,1.8014135569306684e-124
random_actor_untrained_minus_pf_posterior_direct,random_actor_untrained,555,902,3000,1262,336,-30.866666666666653,5.091847705116823e-126
random_actor_untrained_minus_pf_posterior_direct,random_actor_untrained,555,903,3000,1238,312,-30.866666666666674,1.9168540262109717e-130
random_actor_untrained_minus_pf_posterior_direct,random_actor_untrained,555,904,3000,1252,321,-31.03333333333333,9.371908540037698e-130
random_actor_untrained_minus_pf_posterior_direct,random_actor_untrained,555,905,3000,1262,307,-31.833333333333336,2.2606966960586403e-137
ppo_from_random_minus_pf_posterior_direct,ppo_from_random,555,901,3000,259,889,21.0,3.252432501149603e-81
ppo_from_random_minus_pf_posterior_direct,ppo_from_random,555,902,3000,275,877,20.066666666666677,1.2124814922590295e-73
ppo_from_random_minus_pf_posterior_direct,ppo_from_random,555,903,3000,278,844,18.86666666666666,9.402288799005264e-67
ppo_from_random_minus_pf_posterior_direct,ppo_from_random,555,904,3000,265,871,20.200000000000003,8.482321916251848e-76
ppo_from_random_minus_pf_posterior_direct,ppo_from_random,555,905,3000,273,843,19.0,4.098091189888186e-68
