"experiment","system","run_label","sample_id","method","point_index","phase","reagent","dose_volume_ml","measured_ph","target_ph"
"cu_ssa","Cu-SSA Job X_SSA=0.083485","CuSSA-01","cu_ssa_x0.083485_ppo","PPO policy","0","initial","","0","2.4","4.2"
"cu_ssa","Cu-SSA Job X_SSA=0.083485","CuSSA-01","cu_ssa_x0.083485_ppo","PPO policy","1","post_dose","base","4.02","9.84","4.2"
"cu_ssa","Cu-SSA Job X_SSA=0.083485","CuSSA-01","cu_ssa_x0.083485_ppo","PPO policy","2","post_dose","acid","1.86","5.51","4.2"
"cu_ssa","Cu-SSA Job X_SSA=0.083485","CuSSA-01","cu_ssa_x0.083485_ppo","PPO policy","3","post_dose","acid","1.1","5.3","4.2"
"cu_ssa","Cu-SSA Job X_SSA=0.083485","CuSSA-01","cu_ssa_x0.083485_ppo","PPO policy","4","post_dose","acid","1.11","4.88","4.2"
"cu_ssa","Cu-SSA Job X_SSA=0.083485","CuSSA-01","cu_ssa_x0.083485_ppo","PPO policy","5","post_dose","acid","1.11","2.35","4.2"
"cu_ssa","Cu-SSA Job X_SSA=0.083485","CuSSA-01","cu_ssa_x0.083485_ppo","PPO policy","6","post_dose","base","0.56","4.05","4.2"
"cu_ssa","Cu-SSA Job X_SSA=0.083485","CuSSA-01","cu_ssa_x0.083485_ppo","PPO policy","7","post_dose","base","0.27","4.22","4.2"
"cu_ssa","Cu-SSA Job X_SSA=0.166969","CuSSA-02","cu_ssa_x0.166969_ppo","PPO policy","0","initial","","0","2.11","4.2"
"cu_ssa","Cu-SSA Job X_SSA=0.166969","CuSSA-02","cu_ssa_x0.166969_ppo","PPO policy","1","post_dose","base","4.02","9.55","4.2"
"cu_ssa","Cu-SSA Job X_SSA=0.166969","CuSSA-02","cu_ssa_x0.166969_ppo","PPO policy","2","post_dose","acid","1.86","5.48","4.2"
"cu_ssa","Cu-SSA Job X_SSA=0.166969","CuSSA-02","cu_ssa_x0.166969_ppo","PPO policy","3","post_dose","acid","1.1","5.33","4.2"
"cu_ssa","Cu-SSA Job X_SSA=0.166969","CuSSA-02","cu_ssa_x0.166969_ppo","PPO policy","4","post_dose","acid","1.11","3.85","4.2"
"cu_ssa","Cu-SSA Job X_SSA=0.166969","CuSSA-02","cu_ssa_x0.166969_ppo","PPO policy","5","post_dose","base","0.56","5.43","4.2"
"cu_ssa","Cu-SSA Job X_SSA=0.166969","CuSSA-02","cu_ssa_x0.166969_ppo","PPO policy","6","post_dose","acid","0.27","5.12","4.2"
"cu_ssa","Cu-SSA Job X_SSA=0.166969","CuSSA-02","cu_ssa_x0.166969_ppo","PPO policy","7","post_dose","acid","0.28","4.37","4.2"
"cu_ssa","Cu-SSA Job X_SSA=0.166969","CuSSA-02","cu_ssa_x0.166969_ppo","PPO policy","8","post_dose","acid","0.12","3.81","4.2"
"cu_ssa","Cu-SSA Job X_SSA=0.166969","CuSSA-02","cu_ssa_x0.166969_ppo","PPO policy","9","post_dose","base","0.05","4.1","4.2"
"cu_ssa","Cu-SSA Job X_SSA=0.166969","CuSSA-02","cu_ssa_x0.166969_ppo","PPO policy","10","post_dose","base","0.06","4.38","4.2"
"cu_ssa","Cu-SSA Job X_SSA=0.166969","CuSSA-02","cu_ssa_x0.166969_ppo","PPO policy","11","post_dose","acid","0.03","4.28","4.2"
"cu_ssa","Cu-SSA Job X_SSA=0.166969","CuSSA-02","cu_ssa_x0.166969_ppo","PPO policy","12","post_dose","acid","0.01","4.22","4.2"
"cu_ssa","Cu-SSA Job X_SSA=0.250227","CuSSA-03","cu_ssa_x0.250227_ppo","PPO policy","0","initial","","0","1.98","4.2"
"cu_ssa","Cu-SSA Job X_SSA=0.250227","CuSSA-03","cu_ssa_x0.250227_ppo","PPO policy","1","post_dose","base","4.74","10.49","4.2"
"cu_ssa","Cu-SSA Job X_SSA=0.250227","CuSSA-03","cu_ssa_x0.250227_ppo","PPO policy","2","post_dose","acid","1.86","5.99","4.2"
"cu_ssa","Cu-SSA Job X_SSA=0.250227","CuSSA-03","cu_ssa_x0.250227_ppo","PPO policy","3","post_dose","acid","1.1","5.38","4.2"
"cu_ssa","Cu-SSA Job X_SSA=0.250227","CuSSA-03","cu_ssa_x0.250227_ppo","PPO policy","4","post_dose","acid","1.11","5.05","4.2"
"cu_ssa","Cu-SSA Job X_SSA=0.250227","CuSSA-03","cu_ssa_x0.250227_ppo","PPO policy","5","post_dose","acid","1.11","2.69","4.2"
"cu_ssa","Cu-SSA Job X_SSA=0.250227","CuSSA-03","cu_ssa_x0.250227_ppo","PPO policy","6","post_dose","base","0.56","4.4","4.2"
"cu_ssa","Cu-SSA Job X_SSA=0.250227","CuSSA-03","cu_ssa_x0.250227_ppo","PPO policy","7","post_dose","acid","0.27","3.54","4.2"
"cu_ssa","Cu-SSA Job X_SSA=0.250227","CuSSA-03","cu_ssa_x0.250227_ppo","PPO policy","8","post_dose","base","0.12","4","4.2"
"cu_ssa","Cu-SSA Job X_SSA=0.250227","CuSSA-03","cu_ssa_x0.250227_ppo","PPO policy","9","post_dose","base","0.08","4.32","4.2"
"cu_ssa","Cu-SSA Job X_SSA=0.250227","CuSSA-03","cu_ssa_x0.250227_ppo","PPO policy","10","post_dose","acid","0.04","4.17","4.2"
"cu_ssa","Cu-SSA Job X_SSA=0.333031","CuSSA-04","cu_ssa_x0.333031_ppo","PPO policy","0","initial","","0","1.83","4.2"
"cu_ssa","Cu-SSA Job X_SSA=0.333031","CuSSA-04","cu_ssa_x0.333031_ppo","PPO policy","1","post_dose","base","4.74","10.38","4.2"
"cu_ssa","Cu-SSA Job X_SSA=0.333031","CuSSA-04","cu_ssa_x0.333031_ppo","PPO policy","2","post_dose","acid","1.86","6.06","4.2"
"cu_ssa","Cu-SSA Job X_SSA=0.333031","CuSSA-04","cu_ssa_x0.333031_ppo","PPO policy","3","post_dose","acid","1.1","5.38","4.2"
"cu_ssa","Cu-SSA Job X_SSA=0.333031","CuSSA-04","cu_ssa_x0.333031_ppo","PPO policy","4","post_dose","acid","1.11","4.37","4.2"
"cu_ssa","Cu-SSA Job X_SSA=0.333031","CuSSA-04","cu_ssa_x0.333031_ppo","PPO policy","5","post_dose","acid","0.7","4.11","4.2"
"cu_ssa","Cu-SSA Job X_SSA=0.333031","CuSSA-04","cu_ssa_x0.333031_ppo","PPO policy","6","post_dose","base","0.35","4.2","4.2"
"cu_ssa","Cu-SSA Job X_SSA=0.416515","CuSSA-05","cu_ssa_x0.416515_ppo","PPO policy","0","initial","","0","1.81","4.2"
"cu_ssa","Cu-SSA Job X_SSA=0.416515","CuSSA-05","cu_ssa_x0.416515_ppo","PPO policy","1","post_dose","base","4.74","10.26","4.2"
"cu_ssa","Cu-SSA Job X_SSA=0.416515","CuSSA-05","cu_ssa_x0.416515_ppo","PPO policy","2","post_dose","acid","1.86","6.13","4.2"
"cu_ssa","Cu-SSA Job X_SSA=0.416515","CuSSA-05","cu_ssa_x0.416515_ppo","PPO policy","3","post_dose","acid","1.1","5.38","4.2"
"cu_ssa","Cu-SSA Job X_SSA=0.416515","CuSSA-05","cu_ssa_x0.416515_ppo","PPO policy","4","post_dose","acid","1.11","3.53","4.2"
"cu_ssa","Cu-SSA Job X_SSA=0.416515","CuSSA-05","cu_ssa_x0.416515_ppo","PPO policy","5","post_dose","base","0.56","5.02","4.2"
"cu_ssa","Cu-SSA Job X_SSA=0.416515","CuSSA-05","cu_ssa_x0.416515_ppo","PPO policy","6","post_dose","acid","0.27","4.45","4.2"
"cu_ssa","Cu-SSA Job X_SSA=0.416515","CuSSA-05","cu_ssa_x0.416515_ppo","PPO policy","7","post_dose","acid","0.12","4.14","4.2"
"cu_ssa","Cu-SSA Job X_SSA=0.416515","CuSSA-05","cu_ssa_x0.416515_ppo","PPO policy","8","post_dose","base","0.06","4.21","4.2"
"cu_ssa","Cu-SSA Job X_SSA=0.500000","CuSSA-06","cu_ssa_x0.500000_ppo","PPO policy","0","initial","","0","1.73","4.2"
"cu_ssa","Cu-SSA Job X_SSA=0.500000","CuSSA-06","cu_ssa_x0.500000_ppo","PPO policy","1","post_dose","base","4.74","10.18","4.2"
"cu_ssa","Cu-SSA Job X_SSA=0.500000","CuSSA-06","cu_ssa_x0.500000_ppo","PPO policy","2","post_dose","acid","1.86","6.3","4.2"
"cu_ssa","Cu-SSA Job X_SSA=0.500000","CuSSA-06","cu_ssa_x0.500000_ppo","PPO policy","3","post_dose","acid","1.1","5.1","4.2"
"cu_ssa","Cu-SSA Job X_SSA=0.500000","CuSSA-06","cu_ssa_x0.500000_ppo","PPO policy","4","post_dose","acid","1.1","2.97","4.2"
"cu_ssa","Cu-SSA Job X_SSA=0.500000","CuSSA-06","cu_ssa_x0.500000_ppo","PPO policy","5","post_dose","base","0.55","4.34","4.2"
"cu_ssa","Cu-SSA Job X_SSA=0.500000","CuSSA-06","cu_ssa_x0.500000_ppo","PPO policy","6","post_dose","acid","0.27","3.74","4.2"
"cu_ssa","Cu-SSA Job X_SSA=0.500000","CuSSA-06","cu_ssa_x0.500000_ppo","PPO policy","7","post_dose","base","0.12","4.08","4.2"
"cu_ssa","Cu-SSA Job X_SSA=0.500000","CuSSA-06","cu_ssa_x0.500000_ppo","PPO policy","8","post_dose","base","0.06","4.17","4.2"
"cu_ssa","Cu-SSA Job X_SSA=0.583485","CuSSA-07","cu_ssa_x0.583485_ppo","PPO policy","0","initial","","0","1.7","4.2"
"cu_ssa","Cu-SSA Job X_SSA=0.583485","CuSSA-07","cu_ssa_x0.583485_ppo","PPO policy","1","post_dose","base","4.74","9.56","4.2"
"cu_ssa","Cu-SSA Job X_SSA=0.583485","CuSSA-07","cu_ssa_x0.583485_ppo","PPO policy","2","post_dose","acid","1.86","6.24","4.2"
"cu_ssa","Cu-SSA Job X_SSA=0.583485","CuSSA-07","cu_ssa_x0.583485_ppo","PPO policy","3","post_dose","acid","1.9","3.25","4.2"
"cu_ssa","Cu-SSA Job X_SSA=0.583485","CuSSA-07","cu_ssa_x0.583485_ppo","PPO policy","4","post_dose","base","0.95","5.37","4.2"
"cu_ssa","Cu-SSA Job X_SSA=0.583485","CuSSA-07","cu_ssa_x0.583485_ppo","PPO policy","5","post_dose","acid","0.27","5.01","4.2"
"cu_ssa","Cu-SSA Job X_SSA=0.583485","CuSSA-07","cu_ssa_x0.583485_ppo","PPO policy","6","post_dose","acid","0.47","4.51","4.2"
"cu_ssa","Cu-SSA Job X_SSA=0.583485","CuSSA-07","cu_ssa_x0.583485_ppo","PPO policy","7","post_dose","acid","0.29","3.88","4.2"
"cu_ssa","Cu-SSA Job X_SSA=0.583485","CuSSA-07","cu_ssa_x0.583485_ppo","PPO policy","8","post_dose","base","0.12","4.22","4.2"
"cu_ssa","Cu-SSA Job X_SSA=0.666969","CuSSA-08","cu_ssa_x0.666969_ppo","PPO policy","0","initial","","0","1.61","4.2"
"cu_ssa","Cu-SSA Job X_SSA=0.666969","CuSSA-08","cu_ssa_x0.666969_ppo","PPO policy","1","post_dose","base","6.25","10.25","4.2"
"cu_ssa","Cu-SSA Job X_SSA=0.666969","CuSSA-08","cu_ssa_x0.666969_ppo","PPO policy","2","post_dose","acid","3.12","4.21","4.2"
"cu_ssa","Cu-SSA Job X_SSA=0.749773","CuSSA-09","cu_ssa_x0.749773_ppo","PPO policy","0","initial","","0","1.55","4.2"
"cu_ssa","Cu-SSA Job X_SSA=0.749773","CuSSA-09","cu_ssa_x0.749773_ppo","PPO policy","1","post_dose","base","6.25","10.97","4.2"
"cu_ssa","Cu-SSA Job X_SSA=0.749773","CuSSA-09","cu_ssa_x0.749773_ppo","PPO policy","2","post_dose","acid","3.12","6.02","4.2"
"cu_ssa","Cu-SSA Job X_SSA=0.749773","CuSSA-09","cu_ssa_x0.749773_ppo","PPO policy","3","post_dose","acid","1.86","3.98","4.2"
"cu_ssa","Cu-SSA Job X_SSA=0.749773","CuSSA-09","cu_ssa_x0.749773_ppo","PPO policy","4","post_dose","base","0.93","5.4","4.2"
"cu_ssa","Cu-SSA Job X_SSA=0.749773","CuSSA-09","cu_ssa_x0.749773_ppo","PPO policy","5","post_dose","acid","0.47","4.97","4.2"
"cu_ssa","Cu-SSA Job X_SSA=0.749773","CuSSA-09","cu_ssa_x0.749773_ppo","PPO policy","6","post_dose","acid","0.47","4.38","4.2"
"cu_ssa","Cu-SSA Job X_SSA=0.749773","CuSSA-09","cu_ssa_x0.749773_ppo","PPO policy","7","post_dose","acid","0.29","4.17","4.2"
"cu_ssa","Cu-SSA Job X_SSA=0.833031","CuSSA-10","cu_ssa_x0.833031_ppo","PPO policy","0","initial","","0","1.58","4.2"
"cu_ssa","Cu-SSA Job X_SSA=0.833031","CuSSA-10","cu_ssa_x0.833031_ppo","PPO policy","1","post_dose","base","6.25","10.95","4.2"
"cu_ssa","Cu-SSA Job X_SSA=0.833031","CuSSA-10","cu_ssa_x0.833031_ppo","PPO policy","2","post_dose","acid","3.12","5.64","4.2"
"cu_ssa","Cu-SSA Job X_SSA=0.833031","CuSSA-10","cu_ssa_x0.833031_ppo","PPO policy","3","post_dose","acid","1.86","3.2","4.2"
"cu_ssa","Cu-SSA Job X_SSA=0.833031","CuSSA-10","cu_ssa_x0.833031_ppo","PPO policy","4","post_dose","base","0.93","5.24","4.2"
"cu_ssa","Cu-SSA Job X_SSA=0.833031","CuSSA-10","cu_ssa_x0.833031_ppo","PPO policy","5","post_dose","acid","0.27","4.49","4.2"
"cu_ssa","Cu-SSA Job X_SSA=0.833031","CuSSA-10","cu_ssa_x0.833031_ppo","PPO policy","6","post_dose","acid","0.12","4.08","4.2"
"cu_ssa","Cu-SSA Job X_SSA=0.833031","CuSSA-10","cu_ssa_x0.833031_ppo","PPO policy","7","post_dose","base","0.05","4.33","4.2"
"cu_ssa","Cu-SSA Job X_SSA=0.833031","CuSSA-10","cu_ssa_x0.833031_ppo","PPO policy","8","post_dose","acid","0.01","4.22","4.2"
"cu_ssa","Cu-SSA Job X_SSA=0.916515","CuSSA-11","cu_ssa_x0.916515_ppo","PPO policy","0","initial","","0","1.6","4.2"
"cu_ssa","Cu-SSA Job X_SSA=0.916515","CuSSA-11","cu_ssa_x0.916515_ppo","PPO policy","1","post_dose","base","6.25","10.19","4.2"
"cu_ssa","Cu-SSA Job X_SSA=0.916515","CuSSA-11","cu_ssa_x0.916515_ppo","PPO policy","2","post_dose","acid","3.12","2.75","4.2"
"cu_ssa","Cu-SSA Job X_SSA=0.916515","CuSSA-11","cu_ssa_x0.916515_ppo","PPO policy","3","post_dose","base","1.1","5.59","4.2"
"cu_ssa","Cu-SSA Job X_SSA=0.916515","CuSSA-11","cu_ssa_x0.916515_ppo","PPO policy","4","post_dose","acid","0.48","4.1","4.2"
"cu_ssa","Cu-SSA Job X_SSA=0.916515","CuSSA-11","cu_ssa_x0.916515_ppo","PPO policy","5","post_dose","base","0.24","4.18","4.2"
