scenario,candidate,baseline,baseline_method,matched_tasks,success_difference_pp,success_difference_cluster_ci95_low,success_difference_cluster_ci95_high,success_p_value_exact,strict_success_005_difference_pp,strict_success_005_p_value_exact,steps_mean_difference,steps_relative_change_percent,steps_p_value,overshoots_mean_difference,overshoots_relative_change_percent,overshoots_p_value,total_added_ml_mean_difference,total_added_ml_relative_change_percent,total_added_ml_p_value,final_abs_error_mean_difference,final_abs_error_relative_change_percent,final_abs_error_p_value,success_p_value_holm,strict_success_005_p_value_holm,steps_p_value_holm,overshoots_p_value_holm,total_added_ml_p_value_holm,final_abs_error_p_value_holm,clear_success_gain
actuator_over,sac_precision_efficient,sac_history_robust,sac_history_robust,1000,-0.5,-1.7,0.7,0.30175781249999994,0.0,1.0,-0.436,-4.672096013716244,2.1615057216789734e-06,-0.681,-14.291710388247642,1.3534778752942323e-37,-5.037944873176344,-18.139356401428365,1.2828089497657313e-67,0.0017885352896762194,3.2451617541129028,0.38666368977441345,1.0,1.0,0.00014049787190913328,9.474345127059626e-36,7.568572803617815e-66,1.0,False
actuator_random,sac_precision_efficient,sac_history_robust,sac_history_robust,1000,-0.5,-1.2,0.2,0.125,-3.3000000000000003,0.1511016207879773,-0.007,-0.07661996497372672,0.33157938529014874,-0.492,-12.835898773806418,3.768725621549963e-23,-3.0396452617841265,-12.62108004685071,9.125330846514231e-41,0.00421212555295948,8.194601129615709,0.05788779730814485,1.0,1.0,1.0,1.8843628107749816e-21,4.471412114791973e-39,1.0,False
actuator_under,sac_precision_efficient,sac_history_robust,sac_history_robust,1000,0.1,-0.8,1.1,1.0,0.4,0.8878047283992617,-0.153,-1.5521964086435904,0.13929034670832155,-0.495,-14.891696750902517,5.6725835150689575e-34,-1.8164189124818053,-8.732969240347932,8.196894908139086e-36,-0.00033534664100122935,-0.5944049982947646,0.9071515064955805,1.0,1.0,1.0,3.573727614493443e-32,3.442695861418416e-34,1.0,False
analyte_high,sac_precision_efficient,sac_history_robust,sac_history_robust,1000,0.0,-1.0,0.9,1.0,-4.1000000000000005,0.07439813778883098,0.145,1.2817113055776501,0.0023051410865789477,-0.406,-14.371681415929208,5.794586377509687e-18,-2.5286403171184344,-4.735156044877947,2.625011066150836e-36,0.0021800679394204836,4.311842469458204,0.025230835653855577,1.0,1.0,0.12217247758868423,2.1439969596785842e-16,1.1550048691063679e-34,1.0,False
analyte_low,sac_precision_efficient,sac_history_robust,sac_history_robust,1000,-1.5,-2.9025,-0.1,0.008130058646202087,0.8,0.7447143167863719,0.309,3.420790435071417,0.545966153293233,-0.112,-2.3759015697921106,6.6378125884064525e-18,-1.830212135370532,-14.49365563960737,4.407891234109928e-19,0.005405792406477846,8.324213397181744,0.6897387655909708,0.5691041052341461,1.0,1.0,2.3896125318263227e-16,7.052625974575885e-18,1.0,False
bias_010,sac_precision_efficient,sac_history_robust,sac_history_robust,1000,3.5000000000000004,-1.5,8.3,0.06385172657857457,4.1000000000000005,0.04082311221286863,-0.164,-1.684470008216942,0.5979081338313408,-0.661,-16.141636141636134,1.0191250647577742e-27,-2.6847598726337853,-10.749470120680769,3.912122507678737e-37,-0.0040861026647131095,-3.998929915529314,0.0468478118211983,1.0,1.0,1.0,6.012837882070867e-26,1.7995763535322189e-35,1.0,False
close_pka,sac_precision_efficient,sac_history_robust,sac_history_robust,1000,-0.6,-1.6,0.3,0.210113525390625,-3.6999999999999997,0.10413920996009964,0.268,2.8130576256953996,0.09238290863448195,-0.267,-7.198705850633591,6.86209830509744e-17,-1.8874994924940827,-7.486951936096772,1.2419392751545685e-20,0.001452290907160859,2.7915008269553008,0.470891518331094,1.0,1.0,1.0,2.195871457631181e-15,2.1112967677627664e-19,1.0,False
close_random_actuator,sac_precision_efficient,sac_history_robust,sac_history_robust,1000,-0.1,-0.5,0.3,1.0,1.0,0.6800065630378809,0.324,3.2497492477432277,0.050125364480642046,-0.372,-9.657320872274141,3.1331065968009616e-19,-1.3562243268777097,-5.115054112492279,4.1065617012779755e-13,-0.0010451044523661465,-2.0586447251481013,0.47298155215616056,1.0,1.0,1.0,1.221911572752375e-17,4.1065617012779755e-12,1.0,False
drift_001,sac_precision_efficient,sac_history_robust,sac_history_robust,1000,2.3,-2.1025,6.602499999999986,0.12235234244799681,1.3,0.5866437401645231,0.072,0.7793051196016795,0.5393042590648778,-0.602,-14.632960622265433,2.3729556276870215e-23,-2.0154239613342426,-8.31775814367077,1.0344899161007283e-22,-0.0008492650741725943,-1.3253219757842307,0.9637234086376439,1.0,1.0,1.0,1.2576664826741214e-21,1.9655308405913838e-21,1.0,False
high_conc_under,sac_precision_efficient,sac_history_robust,sac_history_robust,1000,0.0,-0.7,0.8,1.0,-1.7000000000000002,0.4816684458770926,0.66,4.823503617627714,2.5158088059203386e-11,-0.348,-13.690007867820608,9.736705325953496e-20,-1.6385484190710635,-3.1768343272800377,1.7345446277396155e-33,0.0006481376202159241,1.177482182333368,0.3060580474372533,1.0,1.0,1.886856604440254e-09,4.1867832901600035e-18,6.244360659862615e-32,1.0,False
large_volume_drift,sac_precision_efficient,sac_history_robust,sac_history_robust,1000,-3.1,-6.2,0.1,0.04239478963978864,-3.5999999999999996,0.11522929331644557,0.044,0.41179223210106414,0.20902952111707374,-0.436,-12.615740740740739,2.8419922823597076e-20,-1.9869271231685863,-4.98318095840702,1.5271639266699626e-24,0.004376300804086056,7.753316292594283,0.021126464285040395,1.0,1.0,1.0,1.2788965270618683e-18,3.66519342400791e-23,1.0,False
low_conc_noise,sac_precision_efficient,sac_history_robust,sac_history_robust,1000,2.0,-1.9,5.7,0.2404096577323519,2.7,0.2207996519822219,-0.163,-1.658189216683624,0.20101541348545915,-0.495,-9.532062391681094,1.6556627738212194e-19,-2.013742928765237,-15.984927000662482,3.268779550655425e-24,0.0011344728917212414,1.4251719903034648,0.34126606187795205,1.0,1.0,1.0,6.853336477736309e-18,7.518192966507477e-23,1.0,False
noise_005,sac_precision_efficient,sac_history_robust,sac_history_robust,1000,-0.2,-5.102499999999999,4.0,0.9526959210558456,0.1,1.0,0.037,0.41493775933610866,0.9238270596931992,-0.436,-11.522198731501057,3.2592859103648505e-23,-2.594869561310412,-10.995026515771684,3.094774746630847e-34,0.001461808961470216,2.2179345115573117,0.5723409750040396,1.0,1.0,1.0,1.6948286733897224e-21,1.2379098986523388e-32,1.0,False
noise_010,sac_precision_efficient,sac_history_robust,sac_history_robust,1000,-3.4000000000000004,-9.0025,2.2,0.10807268072045946,-2.4,0.280375726220182,0.006,0.06408886989959653,0.7786588755620546,-0.48,-12.263668880940214,2.6928976984420016e-19,-2.35637522495934,-9.831640868755908,3.636058038943932e-28,0.008627711223131648,10.185395081480833,0.04592869492496819,1.0,1.0,1.0,1.0771590793768006e-17,1.0908174116831796e-26,1.0,False
nominal,sac_precision_efficient,sac_history_robust,sac_history_robust,5000,-0.27999999999999997,-0.66,0.1,0.12491820036864004,-1.7399999999999998,0.07834501948992133,-0.0784,-0.8345397257940739,0.00011286028782351182,-0.5578,-13.529640050451148,1.1840311511276972e-154,-2.554846761889872,-10.561629992732238,7.224098825293464e-162,0.0033369947738455174,5.893637478148237,0.06324101103867598,1.0,1.0,0.006658756981587198,1.0893086590374815e-152,6.140484001499445e-160,1.0,False
out_of_range,sac_precision_efficient,sac_history_robust,sac_history_robust,1000,0.0,-1.2,1.2,1.0,-2.1999999999999997,0.3368015118530796,-0.019,-0.17710663683818165,0.9013363294317989,-0.649,-12.668358383759516,7.05178358182957e-24,-2.2421057287688715,-9.510434971654695,3.1595475450978263e-25,0.0014496658194043492,1.777915807229223,0.6157867877585319,1.0,1.0,1.0,3.807963134187968e-22,8.214823617254348e-24,1.0,False
partial_bias,sac_precision_efficient,sac_history_robust,sac_history_robust,1000,-0.2,-4.3,3.9,0.9552920171590328,0.1,1.0,1.701,10.949468941100744,0.049049835847942175,-0.607,-21.061762664816104,7.003372072888911e-35,-2.7968103947123537,-10.648554980055858,6.849073364227119e-34,0.06980720033695274,18.075277096126747,0.020334856374984948,1.0,1.0,1.0,4.552191847377792e-33,2.6026478784063054e-32,1.0,False
partial_response,sac_precision_efficient,sac_history_robust,sac_history_robust,1000,-4.1000000000000005,-11.5,3.6024999999999863,0.05725055720694579,-4.8,0.0065601632847219465,2.567,17.34576660585175,0.0004627914812231872,-0.499,-17.732764747690126,1.7850493015282537e-35,-2.8188903967130163,-10.969465621659388,3.2328307294833713e-34,0.04730230929796073,13.75436747254688,0.015490337105471791,1.0,0.4264106135069265,0.025916322948498483,1.2138335250392124e-33,1.2608039844985147e-32,0.9449105634337792,False
tetra_noise,sac_precision_efficient,sac_history_robust,sac_history_robust,1000,-0.8,-4.2,2.4,0.5999362771492702,4.3999999999999995,0.05630801018773634,-0.186,-2.383698577470203,0.018015898875021953,-0.509,-23.47785977859779,3.48445619102612e-30,-3.72222069761856,-10.21338055213364,4.176229943207959e-60,-0.0017256897042646777,-3.3977867984690833,0.20091153185116217,1.0,1.0,0.7386518538759,2.125518276525933e-28,2.422213367060616e-58,1.0,False
tetraprotic,sac_precision_efficient,sac_history_robust,sac_history_robust,1000,0.0,0.0,0.0,1.0,-0.7000000000000001,0.7865960188701194,-0.202,-2.570955835560646,0.03728094976469113,-0.591,-27.64265668849392,1.0006618942391981e-41,-3.945958326227068,-10.73701928828686,6.098898388864443e-69,-0.00025053590165029596,-0.520467325813607,0.9746761248810047,1.0,1.0,1.0,7.104699449098306e-40,3.659339033318666e-67,1.0,False
titrant_low,sac_precision_efficient,sac_history_robust,sac_history_robust,1000,0.0,-0.7,0.6,1.0,4.0,0.06647503336312031,0.182,1.8664752333094081,0.02955096627681303,-0.391,-13.138440860215054,2.3693293336889296e-20,-2.128778727798935,-5.416138945150522,9.403927319398677e-28,-0.001452952717844174,-2.792105389485292,0.1865584817930701,1.0,1.0,1.0,1.0898914934969076e-18,2.638210346054604e-26,1.0,False
volume_large,sac_precision_efficient,sac_history_robust,sac_history_robust,1000,-0.6,-1.4,0.2,0.14599609375,-3.0,0.17720807265227587,0.273,2.734922861150085,0.061371732365311696,-0.227,-7.181271749446374,1.6317467804134068e-19,-2.1431652904184255,-5.570951651447957,3.161076370054509e-32,0.003083057225004909,6.109178287784591,0.12200055112702779,1.0,1.0,1.0,6.853336477736309e-18,1.074765965818533e-30,1.0,False
volume_small,sac_precision_efficient,sac_history_robust,sac_history_robust,1000,0.5,-0.2,1.2,0.266845703125,1.0999999999999999,0.6450058115239401,-0.265,-2.776322682032484,0.14779553262199815,-0.802,-15.790509942902139,2.429252741042735e-35,-2.3411748121311455,-14.746494600516582,4.189633862050511e-24,-0.0022313708749088796,-3.0427760008030043,0.8296515873107009,1.0,1.0,1.0,1.6275993364986324e-33,9.217194496511125e-23,1.0,False
stress_all,sac_precision_efficient,sac_history_robust,sac_history_robust,22000,-0.32727272727272727,-0.8681818181818182,0.21818181818181817,0.18136483011552804,-0.4318181818181818,0.3458881850808186,0.22695454545454546,2.2130130307596776,0.09709452457978965,-0.4799090909090909,-13.121885136898625,0.0,-2.4966516720424576,-8.668695402853201,0.0,0.006406959465669164,7.1346936137287935,0.039456910492392104,1.0,1.0,1.0,0.0,0.0,1.0,False
actuator_over,td3_precision_efficient,td3_filtered_robust,td3_filtered_robust,1000,-0.2,-1.3,0.7,0.75390625,1.0,0.6381023357918039,-0.571,-5.557718512750631,9.624387824804115e-05,-0.583,-9.943714821763605,1.373278667368618e-11,-3.0992369046460366,-8.967094358429632,8.680699473738394e-21,0.0008114143050511622,1.4529339196862185,0.33860500922114345,1.0,1.0,0.005774632694882469,3.0212130682109593e-10,1.562525905272911e-19,1.0,False
actuator_random,td3_precision_efficient,td3_filtered_robust,td3_filtered_robust,1000,-0.2,-0.9,0.4,0.75390625,-1.0999999999999999,0.6017336584279648,-0.365,-3.760947964966514,0.10236478995180476,-0.488,-10.75600617147894,2.2238809593500854e-14,-3.102417920406724,-10.2594811048529,2.2472220342955313e-33,0.0005779313863915752,1.0766157352578483,0.38066156125279715,1.0,1.0,1.0,6.226866686180239e-13,7.86527712003436e-32,1.0,False
actuator_under,td3_precision_efficient,td3_filtered_robust,td3_filtered_robust,1000,-0.6,-1.4,0.0,0.109375,2.0,0.3232717869683495,0.115,1.1581067472306166,0.37263844695819826,-0.266,-7.061322006902045,2.324771211288985e-11,-1.678392839779312,-7.09103049501286,8.423525102978842e-29,0.0013779753906947737,2.4299099068779224,0.5595277159769538,1.0,1.0,1.0,4.882019543706868e-10,2.611292781923441e-27,1.0,False
analyte_high,td3_precision_efficient,td3_filtered_robust,td3_filtered_robust,1000,-1.5,-3.7,-0.2,0.000728607177734375,-1.0999999999999999,0.5903775436602207,0.896,8.090293453724613,0.0003022710180474357,-0.289,-8.342956120092383,1.804282288384013e-07,-1.644723928122713,-2.83981835714843,7.321793656574349e-08,0.005614527636797523,10.691110726385295,0.3992964495866468,0.0553741455078125,1.0,0.017229448028703832,2.525995203737618e-06,2.9287174626297396e-07,1.0,False
analyte_low,td3_precision_efficient,td3_filtered_robust,td3_filtered_robust,1000,0.6,-0.4,1.6,0.1795654296875,1.7999999999999998,0.36895272385004246,-0.568,-5.3343350864011985,0.007874961761272491,-0.532,-8.90376569037657,6.034542625655944e-08,-2.1572433999806577,-11.191587266697802,1.2890562709304146e-30,-0.002626191735710897,-4.163374919357099,0.03224750244368038,1.0,1.0,0.3701232027798071,9.65526820104951e-07,4.124980066977327e-29,1.0,False
bias_010,td3_precision_efficient,td3_filtered_robust,td3_filtered_robust,1000,2.1,-3.3024999999999998,7.3,0.22088847342335474,2.1999999999999997,0.19097469581451976,-0.419,-3.9878176453792755,0.018215853384324365,-0.471,-10.023409236007664,3.039100318785081e-15,-3.34165679527211,-10.536677307289795,1.0474148346862922e-36,0.0006179697494306308,0.6241144294387246,0.7242756870250829,1.0,1.0,0.7386518538759,8.813390924476734e-14,4.713366756088315e-35,1.0,False
close_pka,td3_precision_efficient,td3_filtered_robust,td3_filtered_robust,1000,-0.4,-1.9,0.8,0.4239501953125,0.1,1.0,-0.485,-4.461411093735638,0.0016614074870471471,-0.374,-8.13397129186602,1.2818905801102048e-11,-2.3921169883775053,-7.2537706361179985,2.1714875875971625e-18,-0.00034450836041389186,-0.6527672097412162,0.28295724619320994,1.0,1.0,0.0913774117875931,2.9483483342534707e-10,3.2572313813957435e-17,1.0,False
close_random_actuator,td3_precision_efficient,td3_filtered_robust,td3_filtered_robust,1000,-0.3,-1.1,0.0,0.25,1.0,0.640824670325296,-0.186,-1.6964611455673106,0.4957103636492822,-0.454,-9.773950484391815,2.1842195918278782e-10,-1.9275892907885777,-5.7184242489626325,1.7191462845572623e-13,-0.0005073106275193257,-0.9846730185521742,0.5643292414717086,1.0,1.0,1.0,4.3684391836557565e-09,1.8910609130129884e-12,1.0,False
drift_001,td3_precision_efficient,td3_filtered_robust,td3_filtered_robust,1000,-0.1,-3.1,2.902499999999986,1.0,-0.4,0.8747397248974307,-0.662,-6.540855646675237,5.340155710187362e-05,-0.595,-12.507883119613197,2.7684676111222807e-21,-3.406486421588452,-10.792092017919353,3.9421167568658066e-38,-0.0005772074544144514,-0.9691885024320896,0.9297471020078828,1.0,1.0,0.003364298097418038,1.3288644533386946e-19,1.8527948757269292e-36,1.0,False
high_conc_under,td3_precision_efficient,td3_filtered_robust,td3_filtered_robust,1000,-2.3,-5.802499999999999,0.0,5.647540092468262e-06,-2.7,0.16147833349678706,1.724,13.495107632093935,2.704402892333215e-09,-0.288,-9.80592441266598,3.0942408646582467e-12,-0.8622824962813401,-1.5967667761196618,3.4148045473412502e-12,0.010094434800480953,18.182359489642398,0.06914471918833817,0.0004405081272125244,1.0,1.9471700824799146e-07,7.426178075179792e-11,3.073324092607125e-11,1.0,False
large_volume_drift,td3_precision_efficient,td3_filtered_robust,td3_filtered_robust,1000,1.0999999999999999,-2.2,4.4,0.43912892878033866,-0.1,1.0,-0.207,-1.9113573407202284,0.2007485345964447,-0.606,-13.870450904097044,2.513395006416958e-22,-2.936490476315018,-6.339520186563977,8.839495403104926e-45,-0.0002516761269494596,-0.42292182956129437,0.3558594761952909,1.0,1.0,1.0,1.2315635531443093e-20,4.684932563645611e-43,1.0,False
low_conc_noise,td3_precision_efficient,td3_filtered_robust,td3_filtered_robust,1000,0.1,-3.3,3.7,1.0,0.6,0.7916252353525289,-0.39,-3.541590991645483,0.002830134621635979,-0.182,-3.0292942743009386,0.0004989966601363497,-1.918072801170332,-10.012290980211866,1.622842620792564e-26,0.0032054137587471648,4.399572689302258,0.43059249073421535,1.0,1.0,0.1471670003250709,0.0034929766209544477,4.381675076139923e-25,1.0,False
noise_005,td3_precision_efficient,td3_filtered_robust,td3_filtered_robust,1000,2.5,-0.7,5.9,0.10781097222614858,6.1,0.0016993099206282951,-0.598,-6.0361360654083045,0.0037369515701980932,-0.443,-9.638816362053971,8.320248790039582e-13,-3.1837234008724606,-10.40053016482187,1.2363243490491446e-38,-0.004841775668461039,-6.876748972765283,0.0028436389240987167,1.0,0.11725238452335236,0.19058453008010276,2.0800621975098955e-11,5.934356875435894e-37,0.18199289114231787,False
noise_010,td3_precision_efficient,td3_filtered_robust,td3_filtered_robust,1000,-3.3000000000000003,-7.5,0.5,0.06226325884492283,-5.4,0.003983206041822603,-0.443,-4.446451871926123,0.00425529007690164,-0.471,-10.331212985303797,4.62044068447773e-16,-3.6009647271522565,-11.558970330017798,9.56352870125297e-42,0.0045374254663147415,5.2457060275251335,0.21711053126372115,1.0,0.2668748048021144,0.212764503845082,1.4323366121880962e-14,4.877399637639014e-40,1.0,False
nominal,td3_precision_efficient,td3_filtered_robust,td3_filtered_robust,5000,-0.2,-0.7404999999999999,0.22,0.21160856876151612,0.16,0.8704455763865547,-0.543,-5.284980144825968,2.0482915711089858e-11,-0.4584,-9.559958289885301,2.3409270941361046e-87,-3.392484610427168,-10.981191603642607,1.2613171949355746e-188,0.0009861629099024666,1.7359100112762955,0.3460752911433297,1.0,1.0,1.5567015940428292e-09,1.8727416753088835e-85,1.1477986473913728e-186,1.0,False
out_of_range,td3_precision_efficient,td3_filtered_robust,td3_filtered_robust,1000,0.1,-0.9,1.1,1.0,1.6,0.43429711558077383,0.06,0.5318205991845462,0.30320594791972766,-0.431,-7.370041039671684,3.020422778401047e-10,-2.547306354214973,-8.136923404424294,1.6359887144427175e-23,0.0009957460756543197,1.3040186907902043,0.6083073517042679,1.0,1.0,1.0,5.738803278961989e-09,3.435576300329707e-22,1.0,False
partial_bias,td3_precision_efficient,td3_filtered_robust,td3_filtered_robust,1000,1.7999999999999998,-3.5,6.3,0.27444973459597805,2.7,0.035211020179809045,0.318,2.0571872169750267,0.3838780533823898,-0.374,-11.32646880678377,3.6967738384032006e-17,-3.891490562075391,-11.264221700128013,4.076260487934139e-54,-0.017632126596232853,-4.14285164133099,0.07953755785349002,1.0,1.0,1.0,1.2199353666730561e-15,2.2827058732431176e-52,1.0,False
partial_response,td3_precision_efficient,td3_filtered_robust,td3_filtered_robust,1000,-2.8000000000000003,-9.5,3.3,0.13945865704744892,-2.0,0.23679357177051705,0.624,4.143151185180271,0.41325114997374324,-0.283,-8.818946712371451,3.8863629282321164e-14,-4.129190744748281,-12.064827372106437,6.575602298188008e-55,0.011332278281100778,2.999370440568042,0.6496232987063206,1.0,1.0,1.0,1.0493179906226715e-12,3.748093309967165e-53,1.0,False
tetra_noise,td3_precision_efficient,td3_filtered_robust,td3_filtered_robust,1000,2.0,-0.3,4.7,0.11051344647284385,0.7000000000000001,0.761604790571937,0.033,0.44235924932976356,0.03930380156304772,-0.423,-15.771812080536915,1.4724204476494955e-17,-3.52425474339921,-8.470428959915333,1.17915668402705e-46,-0.0019772105496957434,-3.71711017461885,0.2444023945413747,1.0,1.0,1.0,5.006229522008284e-16,6.36744609374607e-45,1.0,False
tetraprotic,td3_precision_efficient,td3_filtered_robust,td3_filtered_robust,1000,0.0,0.0,0.0,1.0,0.8,0.7223617193179424,0.023,0.308352326049076,0.2920888269343126,-0.514,-19.0299888930026,2.455867755490754e-25,-3.879683805760539,-9.290546347209304,4.4870269476141175e-51,-0.001006855492349416,-2.0354401149268977,0.4608402889683362,1.0,1.0,1.0,1.3507272655199147e-23,2.4678648211877647e-49,1.0,False
titrant_low,td3_precision_efficient,td3_filtered_robust,td3_filtered_robust,1000,-0.6,-1.6,0.0,0.03125,-2.0,0.3070384061395512,0.011,0.11150532184489845,0.15132232454318478,-0.367,-9.892183288409704,8.831750629750821e-18,-2.805257107449853,-6.154783389273718,3.5834753026405573e-35,0.0012955988093462602,2.506370524110752,0.7599512597230609,1.0,1.0,1.0,3.0911127204127874e-16,1.4692248740826285e-33,1.0,False
volume_large,td3_precision_efficient,td3_filtered_robust,td3_filtered_robust,1000,-0.2,-0.8,0.4,0.7265625,-5.2,0.008624787036286583,-0.066,-0.630854521124058,0.4200966772735567,-0.451,-11.17997025285076,4.043061667551443e-18,-2.8535780028975903,-6.37261959852314,4.3936593145703955e-36,0.0033302785278329808,6.413453873802574,0.21549948782713868,1.0,0.5433615832860548,1.0,1.5363634336695484e-16,1.8892735052652702e-34,1.0,False
volume_small,td3_precision_efficient,td3_filtered_robust,td3_filtered_robust,1000,0.2,-0.5,0.9,0.75390625,-2.9000000000000004,0.1437508201700341,-0.446,-4.42504216688165,0.012783829497374673,-0.582,-10.158840984465,3.601818258658888e-13,-2.372049819899779,-11.046339969730358,2.6008482562916446e-31,-0.000279278431493446,-0.3996395809472467,0.4307292031275417,1.0,1.0,0.5369208388897363,9.364727472513109e-12,8.582799245762427e-30,1.0,False
stress_all,td3_precision_efficient,td3_filtered_robust,td3_filtered_robust,22000,-0.09090909090909091,-0.6772727272727272,0.5227272727272727,0.6859670703401906,-0.10454545454545454,0.8000314629639143,-0.07281818181818182,-0.6796544877560358,0.010753004371236519,-0.4303181818181818,-9.862588421589969,1.4924922599095137e-261,-2.784282251418141,-7.932976353035494,0.0,0.0006248569611182882,0.6720752955094784,0.46949221433811317,1.0,1.0,0.47313219233440684,1.402942724314943e-259,0.0,1.0,False
actuator_over,sac_precision_efficient,bayesian,bayesian_common,1000,6.0,4.0,8.102499999999987,2.1198660113131956e-13,10.4,2.8774932496346195e-06,-2.809,-23.99829132849209,0.16694465818497806,0.719,21.367013372956894,2.8814039744541396e-27,3.026714241520996,15.357093706503152,9.706208600414982e-34,-0.02103981211836493,-26.994104103184146,3.151838147939803e-15,1.7594887893899522e-11,0.00022732196672113495,1.0,1.6424002654388596e-25,3.5912971821535434e-32,2.5845072813106384e-13,True
actuator_random,sac_precision_efficient,bayesian,bayesian_common,1000,2.9000000000000004,1.7,4.2,2.4299079086631536e-06,7.9,0.00040897543871845106,-1.306,-12.51557259223767,0.1109492499746584,0.526,18.685612788632334,5.2858512286858173e-20,2.1670248107862746,11.479584558667584,9.097277055360703e-28,-0.010680287330441506,-16.110576068684377,2.0954533936232743e-06,0.0001943926326930523,0.029855207026446926,1.0,2.3257745406217596e-18,2.638210346054604e-26,0.00014877719094725248,True
actuator_under,sac_precision_efficient,bayesian,bayesian_common,1000,32.9,29.397499999999997,36.5,3.816692743159647e-93,28.7,1.9898355139056321e-41,-16.43,-62.86829417616897,7.529501694250185e-78,0.939,49.682539682539705,7.461121658384821e-65,2.9900267988663347,18.695716863094574,3.657697707581324e-108,-0.2388055661372315,-80.98194513815541,2.1395265062344253e-82,3.2823557591172965e-91,1.7112585419588437e-39,6.475371457055159e-76,5.670452460372464e-63,2.59696537238274e-106,1.8399927953616056e-80,True
analyte_high,sac_precision_efficient,bayesian,bayesian_common,1000,89.3,86.5,92.0,3.0286135965869433e-269,43.4,2.628767575763337e-112,-34.059,-74.82698771887428,8.314397519863804e-163,2.352,3510.4477611940297,3.676653728027863e-135,26.02962440191059,104.77586136182643,1.6001072492436203e-161,-2.4932134877693666,-97.9284745156724,5.530122722180367e-163,2.8166106448258572e-267,2.41846616970227e-110,7.732389693473337e-161,3.272221817944798e-133,1.344090089364641e-159,5.0877129044059375e-161,True
analyte_low,sac_precision_efficient,bayesian,bayesian_common,1000,-0.8,-2.0,0.5,0.15158963203430176,-4.2,0.061178970319077625,1.392,17.509433962264158,5.508281215245347e-33,-0.102,-2.1683673469387634,1.691982418352836e-05,-0.7655543370306882,-6.620712729292932,0.00010896174808405177,0.012332371574013361,21.257578403800153,0.0006296436753653866,1.0,1.0,4.406624972196277e-31,0.00018611806601881195,0.00021792349616810353,0.042815769924846286,False
bias_010,sac_precision_efficient,bayesian,bayesian_common,1000,3.9,-2.4,10.0,0.03488167417254698,2.8000000000000003,0.1569193114731591,-0.154,-1.5833847419288678,0.7346612596511344,-0.62,-15.293537247163298,1.0762474181714808e-09,1.6499216522309152,7.993395941055876,4.210578466309463e-16,-0.002253222902253185,-2.2454307604450627,0.03196391871863522,1.0,1.0,1.0,1.9372453527086655e-08,5.894809852833248e-15,1.0,False
close_pka,sac_precision_efficient,bayesian,bayesian_common,1000,-0.3,-1.5,0.9,0.5810546875,3.8,0.09250135329497859,-1.148,-10.490724664168873,3.549989177253584e-20,-1.262,-26.828231292517,5.375298746457919e-47,0.37135020369762395,1.617965941901499,0.29484331968008237,-0.0032756885143425496,-5.77178941369231,0.011141931565302172,1.0,1.0,2.7689915582577957e-18,3.8702150974497016e-45,0.29484331968008237,0.7019416886140368,False
close_random_actuator,sac_precision_efficient,bayesian,bayesian_common,1000,4.3,3.0,5.7,2.2737367544323206e-13,9.5,1.392114341063116e-05,-2.417,-19.01502635512548,7.679358898990907e-05,0.191,5.8072362420188455,0.06711118565924058,1.4346896302065746,6.047557667162979,5.687194621309311e-09,-0.036053012155922895,-42.03230367365291,5.308594818655366e-10,1.864464138634503e-11,0.001058006899207968,0.004684408928384454,0.13422237131848117,2.8435973106546553e-08,4.0345320621780785e-08,True
drift_001,sac_precision_efficient,bayesian,bayesian_common,1000,2.1,-1.2,5.6,0.16023471336290196,6.5,0.004049260138814125,0.173,1.8931932589188012,0.36928162609221404,-0.483,-12.090112640801003,6.4871490316857805e-06,1.8776306963833769,9.232439162993817,9.362005852653876e-23,0.0008358615760090169,1.3396338393197396,0.1753539610246342,1.0,0.26725116916173225,1.0,7.784578838022937e-05,1.8724011705307753e-21,1.0,False
high_conc_under,sac_precision_efficient,bayesian,bayesian_common,1000,91.7,89.9,93.5,1.8051943758648296e-276,42.8,1.5765826952005085e-117,-32.409,-69.32109856262835,2.1253433517915513e-163,2.163,6977.419354838709,1.3117609979125875e-128,30.441441562219406,156.12568532877097,1.3906463952175344e-163,-3.0525479059316893,-98.20823045199444,5.279084187334365e-164,1.6968827133129398e-274,1.481987733488478e-115,1.997822750684058e-161,1.154349678163077e-126,1.2237688277914304e-161,4.962339136094303e-162,True
large_volume_drift,sac_precision_efficient,bayesian,bayesian_common,1000,65.9,61.0,70.5,1.6327872972931022e-171,36.7,9.462221867131702e-76,-29.826,-73.54456910368636,4.031627908819801e-142,1.806,148.76441515650743,9.669508959802663e-107,13.127634347361141,53.02358297358036,2.5758557645165163e-158,-1.4346252664939145,-95.93294890310801,1.443243836054637e-146,1.43685282161793e-169,8.326755243075897e-74,3.588148838849623e-140,8.122387526234236e-105,2.1379602845487086e-156,1.2700545757280806e-144,True
low_conc_noise,sac_precision_efficient,bayesian,bayesian_common,1000,-1.5,-4.7,1.8,0.39858170182519403,-1.0999999999999999,0.6414443998457506,1.472,17.96217205613178,1.07208972765765e-30,-0.002,-0.04255319148935702,0.00023072707368832792,-1.3351467461099755,-11.201680202513996,1.6519550179392052e-10,0.01182274479253191,17.15573228847538,0.10829065142060874,1.0,1.0,8.469508848495434e-29,0.0018458165895066233,1.1563685125574437e-09,1.0,False
noise_005,sac_precision_efficient,bayesian,bayesian_common,1000,0.1,-3.5,3.9,1.0,2.4,0.2845813557624693,-0.02,-0.22286605749943808,0.760802098889449,-0.627,-15.773584905660384,9.314506731732514e-08,1.3437142857460873,6.83413320414593,1.2739471687359566e-13,0.0010502003095464803,1.5835305352903362,0.245391783109008,1.0,1.0,1.0,1.3971760097598771e-06,1.528736602483148e-12,1.0,False
noise_010,sac_precision_efficient,bayesian,bayesian_common,1000,-2.6,-7.0,2.002499999999986,0.21124626009825392,-1.9,0.39981072018453784,-0.066,-0.6995972016111824,0.9298149347881136,-0.546,-13.718592964824115,1.9767707520305213e-08,1.4529927824567817,7.208058095633409,4.5796029267959105e-15,0.0063966419042935105,7.357725595775853,0.43049278886398146,1.0,1.0,1.0,3.360510278451886e-07,5.953483804834684e-14,1.0,False
nominal,sac_precision_efficient,bayesian,bayesian_original,5000,-0.44,-0.9,-0.04,0.012774595538064901,5.0200000000000005,5.028164340076774e-07,-0.0488,-0.5211002904493417,0.012099106824765683,-0.5598,-13.571567106283933,2.9590897283151874e-36,1.5896520376168048,7.930261666206402,8.242815936293126e-76,0.0004212871860959213,0.7076175525663614,3.852922862945588e-06,0.8686724965884133,4.022531472061419e-05,0.5202615934649244,2.0417719125374792e-34,5.028117721138807e-74,0.00026970460040619113,False
out_of_range,sac_precision_efficient,bayesian,bayesian_common,1000,0.1,-0.9,1.2,1.0,5.800000000000001,0.00877224446846536,0.371,3.5887018765718754,0.00016376568114544914,-0.96,-17.666543982333454,2.2100783940684295e-15,1.1578817607712046,5.739125456171752,4.211502358014759e-10,0.0031019612075599856,3.883029662894306,0.030496642012720322,1.0,0.5438791570448523,0.00949840950643605,6.630235182205288e-14,2.5269014148088558e-09,1.0,False
partial_bias,sac_precision_efficient,bayesian,bayesian_common,1000,3.3000000000000003,-2.8,9.6,0.06315379277550683,0.5,0.758421988621096,-3.412,-16.52460286710577,1.800076688831387e-07,0.692,43.71446620341124,7.26594520943526e-27,2.7683337346847376,13.373883657783587,8.048074298679011e-44,-0.2759259748747144,-37.69810998098241,3.118775761155717e-12,1.0,1.0,1.2420529152936571e-05,4.068929317283746e-25,4.1849986353130855e-42,2.4326450937014593e-10,False
partial_response,sac_precision_efficient,bayesian,bayesian_common,1000,6.6000000000000005,-0.5,15.702499999999986,0.001095496512003383,2.7,0.09239942566307607,-3.853,-18.158254394646317,8.110098902806375e-07,0.794,52.20249835634452,1.2679186634009245e-32,2.8084587114924706,13.993135671847153,8.496754101922084e-41,-0.34413826015444227,-46.79936580928584,1.4521418652761897e-21,0.08216223840025373,1.0,5.433766264880271e-05,7.861095713085732e-31,4.248377050961042e-39,1.2197991668319993e-19,False
tetra_noise,sac_precision_efficient,bayesian,bayesian_common,1000,3.9,0.0,7.802499999999986,0.006086946806157245,11.700000000000001,2.2939525020106704e-07,-0.156,-2.0069471246622888,0.00855994617185211,0.709,74.63157894736842,5.236313469560014e-60,3.6101404342881525,12.4007861802501,9.6067243389557e-125,-0.008709769578089926,-15.075920954666623,6.6065262552301914e-09,0.4321732232371644,1.858101526628643e-05,0.38519757773334495,3.9272351021700104e-58,7.205043254216775e-123,4.888829428870341e-07,False
tetraprotic,sac_precision_efficient,bayesian,bayesian_common,1000,0.0,0.0,0.0,1.0,16.0,7.407668679093007e-13,-0.159,-2.034809316611208,0.008289270912341334,0.608,64.74973375931843,2.0429150143387716e-50,3.5042578430501305,11.959618245437834,2.785117877940226e-119,-0.009172448170314599,-16.07547838704009,8.000838732207354e-13,1.0,6.222441690438126e-11,0.38130646196770135,1.4913279604673033e-48,2.060987229675767e-117,6.32066259844381e-11,False
titrant_low,sac_precision_efficient,bayesian,bayesian_common,1000,-0.4,-1.1,0.2,0.21875,8.0,0.0004224897513215927,0.632,6.794968282980321,2.423639249446291e-09,-0.912,-26.07949671146697,3.4983701541535525e-23,-2.2568772461274498,-5.723399842264992,1.4012323821668174e-10,-0.003195360977657401,-5.94150852562853,0.0016422057990472842,1.0,0.03041926209515467,1.7692566520957925e-07,1.784168778618312e-21,1.120985905733454e-09,0.10838558273712076,False
volume_large,sac_precision_efficient,bayesian,bayesian_common,1000,76.3,73.5,79.1,2.36477399922557e-222,39.900000000000006,5.027673479579388e-84,-30.397,-74.77368887139623,4.838723894844473e-144,1.803,159.41644562334218,1.3371980728409706e-112,12.506992127129914,52.50581230148908,2.0973303684618017e-155,-1.3313746012016585,-96.13342973484514,5.2167772375244845e-151,2.1046488593107573e-220,4.5249061316214495e-82,4.354851505360026e-142,1.136618361914825e-110,1.7198109021386773e-153,4.695099513772036e-149,True
volume_small,sac_precision_efficient,bayesian,bayesian_common,1000,0.5,-0.8,1.8,0.4995598332025112,-3.4000000000000004,0.12624933627159513,0.882,10.502500595379848,1.106094274159791e-33,0.149,3.609496124031008,0.022444265777449183,0.8863498280271551,7.007482460751888,5.2760308589826906e-05,0.0070102400216916,10.937814209426815,0.02021086797051108,1.0,1.0,8.959363620694308e-32,0.06733279733234755,0.00015828092576948072,1.0,False
stress_all,sac_precision_efficient,bayesian,bayesian_common,22000,17.463636363636365,16.54534090909091,18.422840909090908,0.0,12.222727272727273,1.0635572165018895e-163,-6.986318181818182,-39.993286704552546,7.614160793346968e-295,0.3607727272727273,12.808636994480844,1.1971676053150983e-155,4.945345523798261,23.15368884185702,0.0,-0.4192027564965799,-81.33387692718067,0.0,0.0,1.0210149278418139e-161,7.30959436161309e-293,1.1133658729430415e-153,0.0,0.0,True
actuator_over,td3_precision_efficient,bayesian,bayesian_common,1000,6.4,4.5,8.5,6.3117184695685895e-15,9.700000000000001,9.071417366677973e-06,-2.002,-17.103801794105088,1.6472358211884339e-07,1.915,56.90936106983655,7.850910213751589e-76,11.75419489163489,59.63902040009788,8.481822090354016e-132,-0.021284228126819633,-27.307690134256738,2.1755506403836006e-13,5.301843514437615e-13,0.000707570554600882,1.1530650748319038e-05,6.202219068863756e-74,6.446184788669052e-130,1.7404405123068806e-11,True
actuator_random,td3_precision_efficient,bayesian,bayesian_common,1000,3.0,1.4,4.6,2.8288777684792876e-06,9.6,3.89544151170029e-05,-1.095,-10.493531384762822,0.004511978144333229,1.234,43.8365896980462,8.52699911104427e-55,8.25989698204137,43.755929964098065,6.760371440986491e-113,-0.012035331716739029,-18.15457966020456,1.940598788222799e-09,0.00022348134370986372,0.0029215811337752174,0.22108692907232824,6.3099793421727605e-53,4.867467437510274e-111,1.4554490911670993e-07,True
actuator_under,td3_precision_efficient,bayesian,bayesian_common,1000,32.2,28.3,36.1,1.215592971683443e-84,26.900000000000002,6.020446351510422e-36,-16.089,-61.56348052345603,6.334792585292338e-72,1.611,85.23809523809524,1.1070693804560524e-98,5.99773326879393,37.50197926528574,1.0820709116917222e-152,-0.23680053276021618,-80.3020133192952,2.154014239322073e-73,1.0332540259309265e-82,5.117379398783858e-34,5.3845736974984877e-70,9.188675857785235e-97,8.76477438470295e-151,1.830912103423762e-71,True
analyte_high,td3_precision_efficient,bayesian,bayesian_common,1000,88.0,85.3,90.4,5.476896370250283e-263,42.6,3.8314393190350395e-109,-33.546,-73.69993628754094,4.875965348841511e-159,3.108,4638.805970149253,2.7972668643104354e-148,31.428644710563937,126.50829186541935,1.1231037841957174e-163,-2.487823187377113,-97.71675422088653,1.6606049616868828e-162,4.983975696927757e-261,3.486609780321886e-107,4.4371284674457746e-157,2.545512846522496e-146,9.995623679341885e-162,1.5111505151350632e-160,True
analyte_low,td3_precision_efficient,bayesian,bayesian_common,1000,0.6,-0.6,1.9024999999999863,0.28627872467041016,-5.4,0.015042917898077268,2.13,26.79245283018868,1.6490771284753622e-60,0.739,15.71003401360544,1.597715460415884e-29,5.555316985295404,48.043824064088824,4.307072028034537e-89,0.002438242923036703,4.202852613781245,0.01269788664326737,1.0,0.9025750738846361,1.3852247879193043e-58,9.586292762495303e-28,2.756526097942104e-87,0.7872689718825769,False
bias_010,td3_precision_efficient,bayesian,bayesian_common,1000,4.0,-1.3,9.102499999999987,0.0295934876940127,2.9000000000000004,0.14701902188585966,0.362,3.7219823154431246,0.03570274156020395,0.174,4.292057227429686,0.0036046419124389044,7.7318047547063475,37.45837062004734,1.0597959417679452e-105,-0.0007135962016218436,-0.7111284285527917,0.08394385323261108,1.0,1.0,1.0,0.014418567649755618,6.994653215668439e-104,1.0,False
close_pka,td3_precision_efficient,bayesian,bayesian_common,1000,0.0,-0.8,0.8,1.0,5.6000000000000005,0.01233998610728752,-0.557,-5.090011879740477,1.5493002363837662e-06,-0.48,-10.204081632653052,0.0007465940515425197,7.633778864982527,33.26023276294286,1.7490785153946563e-102,-0.004321335974072716,-7.61422861757251,0.0016542374322176545,1.0,0.7527391525445387,0.00010225381560132857,0.004479564309255118,1.1369010350065265e-100,0.10838558273712076,False
close_random_actuator,td3_precision_efficient,bayesian,bayesian_common,1000,4.3,2.9,5.8,6.981082378842984e-11,8.1,0.0004347229737521901,-1.933,-15.207300763118557,0.028860026973858626,0.902,27.42474916387959,1.6406501742574226e-27,8.057355066943137,33.96366599870834,1.3042365392582923e-107,-0.034761123688271806,-40.52615910659266,4.022368899757368e-07,5.654676726862817e-09,0.030865331136405497,1.0,9.515771010693052e-26,8.999232120882216e-106,2.896105607825305e-05,True
drift_001,td3_precision_efficient,bayesian,bayesian_common,1000,1.9,-1.3,5.0,0.21735610630420663,6.0,0.007503832239421958,0.321,3.5128036769533786,0.0020888549299489237,0.167,4.180225281601998,2.487639134745367e-07,7.820846807204158,38.45564119168187,1.0332826473267786e-107,-0.0034162394437329217,-5.475200790895172,0.0201109986056407,1.0,0.4802452633230053,0.11279816621724188,3.2339308751689767e-06,7.23297853128745e-106,1.0,False
high_conc_under,td3_precision_efficient,bayesian,bayesian_common,1000,89.5,85.8,92.6,1.699809381084422e-267,43.3,7.513682960329186e-114,-32.253,-68.98742299794661,1.0236759416160394e-159,2.618,8445.161290322581,3.2545872438554536e-148,33.64146291827754,172.5377046564409,2.0075010131558472e-164,-3.042628237763636,-97.88908949582391,1.0100805268816615e-163,1.5638246305976682e-265,6.987725153106143e-112,9.417818662867563e-158,2.9291285194699083e-146,1.8067509118402626e-162,9.393748899999452e-162,True
large_volume_drift,td3_precision_efficient,bayesian,bayesian_common,1000,66.60000000000001,60.1,72.4,9.839438754724825e-163,37.9,7.580325439706935e-72,-29.932,-73.80594254715818,1.132378900434612e-139,2.549,209.9670510708402,2.559516312476029e-121,18.625794551602777,75.23109927679351,2.3698552940947787e-163,-1.4361885883103032,-96.03748775059202,4.227579383237705e-145,8.560311716610598e-161,6.594883132545034e-70,9.851696433781125e-138,2.2011840287293849e-119,2.0617741058624573e-161,3.677994063416803e-143,True
low_conc_noise,td3_precision_efficient,bayesian,bayesian_common,1000,-5.1,-9.4,-0.9,0.002694293173025681,-2.6,0.24270582247232025,2.427,29.615619280048804,1.6879695367736825e-58,1.126,23.957446808510625,6.583946494363654e-35,5.319944156097803,44.633530587904445,9.595257281650533e-83,0.007148548851818514,10.373106457508399,0.04554878792233978,0.19668340163087472,1.0,1.4010147155221564e-56,4.345404686280012e-33,5.949059514623331e-81,1.0,False
noise_005,td3_precision_efficient,bayesian,bayesian_common,1000,-0.7000000000000001,-4.602499999999999,3.2024999999999864,0.7269043474057002,3.8,0.09047620018552346,0.335,3.733006463115657,0.043304299097201224,0.178,4.477987421383634,4.190839407995896e-05,7.765631130344399,39.49601349186262,3.91412191315891e-107,-0.0007540397756006855,-1.1369688226456327,0.23393069736854477,1.0,1.0,1.0,0.0003771755467196306,2.6224616818164696e-105,1.0,False
noise_010,td3_precision_efficient,bayesian,bayesian_common,1000,-5.5,-10.2,-0.5,0.008890600945857788,-3.1,0.1604413952511665,0.086,0.9115963536145888,0.15481453480801727,0.108,2.7135678391959823,0.001756605718940917,7.39412902826322,36.68105736369409,2.235808388726456e-107,0.00409756264826997,4.713213906383412,0.2391755997810685,0.6134514652641874,1.0,1.0,0.008783028594704586,1.5203497043339901e-105,1.0,False
nominal,td3_precision_efficient,bayesian,bayesian_original,5000,-0.18,-0.64,0.26,0.31350305329645284,5.96,2.257031026916647e-09,0.3666,3.91465914915428,1.2645378236038173e-05,0.2118,5.134794414274637,2.2527089575256264e-20,7.455716114991007,37.194164698754776,0.0,-0.0017402730288011228,-2.9230600456885396,1.6230716762636213e-08,1.0,1.8507654420716504e-07,0.0008093042071064431,1.0587732100370444e-18,0.0,1.1848423236724435e-06,False
out_of_range,td3_precision_efficient,bayesian,bayesian_common,1000,0.3,-0.8,1.7,0.6900379657745361,7.5,0.0008015475297600541,1.004,9.711743083768635,7.175238942244196e-16,-0.017,-0.31284504968716137,3.5832944222626483e-05,8.582985740658454,42.54219525952591,4.109082169158146e-115,-0.0025295293138762388,-3.166460410595677,0.05177702726566451,1.0,0.056108327083203784,5.524933985528031e-14,0.00035832944222626483,2.9996299834854464e-113,1.0,False
partial_bias,td3_precision_efficient,bayesian,bayesian_common,1000,5.5,-0.1,10.5,0.0016216284047333108,3.1,0.02968511637840341,-4.872,-23.595505617977526,2.687106390939626e-08,1.345,84.96525584333544,6.373094133216918e-66,9.956313579855001,48.09917887033777,7.517143170207418e-137,-0.3239643374760566,-44.26130316159536,8.593947185878648e-16,0.120000501950265,1.0,1.9078455375671344e-06,4.907282482577027e-64,5.863371672761786e-135,7.132976164279278e-14,False
partial_response,td3_precision_efficient,bayesian,bayesian_common,1000,7.7,-1.3,17.4,0.00020445254235149413,7.7,1.1424815931291579e-05,-5.534,-26.08039964183044,1.8647418024906068e-10,1.405,92.3734385272847,1.3428807388460626e-70,10.025578900473736,49.95241168013634,2.3789278443082962e-135,-0.3461939527231738,-47.07891946447176,4.101190622910593e-15,0.01574284576106505,0.0008797108267094516,1.379908933843049e-08,1.047446976299929e-68,1.8317744401173882e-133,3.32196440455758e-13,True
tetra_noise,td3_precision_efficient,bayesian,bayesian_common,1000,4.0,0.3,7.802499999999986,0.004979102414443138,8.200000000000001,0.00020468770682433487,-0.28,-3.6022127878553887,6.0897844667795916e-05,1.309,137.78947368421055,2.1520086100942414e-91,8.970122764303953,30.81225687350882,5.887372036626435e-141,-0.006557787665770757,-11.351010793138462,2.4336034917792753e-05,0.35849537383990593,0.015146890305000781,0.003775666369403347,1.7646470602772777e-89,4.709897629301149e-139,0.0016791864093277,False
tetraprotic,td3_precision_efficient,bayesian,bayesian_common,1000,0.0,0.0,0.0,1.0,14.499999999999998,2.7573664467148157e-10,-0.332,-4.24878423342718,3.181237408475369e-07,1.248,132.90734824281148,1.3149158713739628e-87,8.579045785296334,29.279270275663013,2.931261219409879e-140,-0.008599258032807708,-15.07091499283335,9.850427764359438e-11,1.0,2.288614150773297e-08,2.1632414377632507e-05,1.0650818558129099e-85,2.3156963633338044e-138,7.584829378556767e-09,False
titrant_low,td3_precision_efficient,bayesian,bayesian_common,1000,-0.6,-1.8,0.3,0.0703125,4.6,0.04448814876805157,0.575,6.182130953660889,0.004823346914406395,-0.154,-4.4037746639977104,0.9348708100320878,3.3407711256359773,8.472135100088861,7.156740375061504e-25,-0.000792469234314047,-1.4735307669142002,0.09104017684558535,1.0,1.0,0.23152065189150697,0.9348708100320878,1.789185093765376e-23,1.0,False
volume_large,td3_precision_efficient,bayesian,bayesian_common,1000,76.6,73.7975,79.6,3.002273829160433e-223,37.3,2.7037492355024762e-77,-30.256,-74.42684246777526,4.613671281868108e-140,2.452,216.79929266136162,2.1652184290648966e-124,18.104945097535477,76.00667205649773,3.2388770788578526e-162,-1.3296669247091135,-96.01012499554953,1.0187405671160161e-149,2.7020464462443897e-221,2.4063368195972037e-75,4.0600307280439356e-138,1.88374003328646e-122,2.7854342878177533e-160,9.066791047332544e-148,True
volume_small,td3_precision_efficient,bayesian,bayesian_common,1000,0.8999999999999999,-0.2,2.1,0.12207812070846558,-6.800000000000001,0.0017959033154627553,1.235,14.70588235294117,1.9302234744396963e-46,1.019,24.685077519379846,9.430072293370684e-35,6.452956977752377,51.01708311066641,4.282654102840587e-87,0.005511515126175506,8.599410045307794,0.0014630769586061261,1.0,0.12212142545146736,1.582783249040551e-44,6.035246267757238e-33,2.69807208478957e-85,0.09802615622661046,False
stress_all,td3_precision_efficient,bayesian,bayesian_common,22000,17.254545454545458,16.436363636363637,18.16375,0.0,11.881818181818183,2.19921586356614e-151,-6.827545454545454,-39.084389766647924,1.5253917000187626e-197,1.1161818181818182,39.6281831972372,0.0,10.954511549466488,51.28809516146218,0.0,-0.42181067412472445,-81.83986608902786,0.0,0.0,2.089255070387833e-149,1.4491221150178245e-195,0.0,0.0,0.0,True
